1, 473.5000000000039, -1.7499999999999998, 4.1499999999999995, 1.0999999999999999, 5.689893001203927E-16, -2.75, -2.3999999999999995
11, 473.5000000000039, 12.999999999999996, 7.69999999999999, -9.000000000000004, -3.099999999999995, -4.4000000000000075, -4.449999999999991
21, 473.5000000000039, 24.25, -2.1500000000000012, -9.949999999999996, -5.249999999999994, 15.45000000000002, 4.75
31, 473.5000000000039, 24.350000000000044, 6.199999999999994, -2.1499999999999986, -17.74999999999998, 17.950000000000035, 16.350000000000012
41, 473.5000000000039, 22.100000000000044, 5.05000000000003, 8.049999999999994, -12.499999999999947, 5.750000000000021, 13.699999999999974
51, 473.5000000000039, 16.95000000000002, 3.3000000000000353, 4.249999999999998, -24.649999999999963, -12.750000000000018, 9.34999999999999
61, 473.5000000000039, 6.299999999999988, -4.599999999999967, 4.399999999999994, -24.849999999999973, -7.449999999999992, -8.599999999999993
71, 473.5000000000039, 3.049999999999984, -11.29999999999999, 16.650000000000002, -31.64999999999999, 3.3000000000000007, -24.79999999999998
81, 473.5000000000039, -6.60000000000002, -11.150000000000023, 8.399999999999991, -27.849999999999987, 6.000000000000005, -28.699999999999942
91, 473.5000000000039, -17.400000000000016, -15.550000000000015, 13.349999999999966, -28.85000000000004, 11.950000000000019, -32.09999999999992
101, 473.5000000000039, -19.29999999999998, -18.850000000000012, 6.899999999999998, -35.45, 14.200000000000077, -34.94999999999988
111, 473.5000000000039, -20.399999999999967, -2.2000000000000126, -3.24999999999999, -28.00000000000003, 14.500000000000032, -37.74999999999998
121, 473.5000000000039, -29.44999999999999, 1.2999999999999883, 5.000000000000003, -26.050000000000022, 16.200000000000014, -42.20000000000004
131, 473.5000000000039, -31.84999999999996, -4.050000000000015, 1.9499999999999693, -30.649999999999984, 16.099999999999998, -38.99999999999988
141, 473.5000000000039, -39.29999999999987, -10.800000000000033, -0.3500000000000292, -26.549999999999955, 15.799999999999958, -27.699999999999925
151, 473.5000000000039, -41.59999999999965, -11.10000000000003, -6.450000000000023, -19.599999999999977, 12.89999999999996, -29.099999999999916
161, 473.5000000000039, -41.74999999999967, -8.450000000000031, -7.250000000000052, -21.349999999999994, 20.299999999999972, -18.249999999999925
171, 473.5000000000039, -36.84999999999975, -7.70000000000007, -8.400000000000038, -22.09999999999999, 21.899999999999924, -15.149999999999931
181, 473.5000000000039, -33.699999999999676, -6.300000000000094, -4.900000000000043, -17.599999999999977, 32.499999999999865, -18.89999999999995
191, 473.5000000000039, -17.449999999999683, -13.700000000000099, -6.190881141066029E-14, -23.949999999999946, 36.3999999999999, -18.449999999999957
201, 473.5000000000039, -19.94999999999969, -12.450000000000173, -6.250000000000058, -31.549999999999965, 33.74999999999985, -31.199999999999953
211, 473.5000000000039, -24.299999999999702, -18.55000000000014, -14.250000000000075, -30.50000000000014, 31.899999999999913, -28.549999999999883
221, 473.5000000000039, -19.64999999999972, -6.4500000000001245, 0.4999999999999239, -36.15000000000012, 38.29999999999986, -24.949999999999818
231, 473.5000000000039, -33.849999999999724, -7.650000000000125, 5.899999999999927, -34.25000000000004, 43.69999999999978, -18.89999999999981
241, 473.5000000000039, -24.849999999999845, 0.49999999999988504, -7.450000000000091, -31.850000000000126, 43.19999999999987, -9.399999999999768
251, 473.5000000000039, -11.999999999999847, 3.7999999999998924, -14.05000000000008, -32.45000000000021, 48.49999999999971, -12.79999999999973
261, 473.5000000000039, -7.399999999999841, 19.249999999999908, -5.100000000000085, -23.300000000000267, 52.24999999999964, -2.699999999999732
271, 473.5000000000039, -11.949999999999843, 18.849999999999895, 1.5999999999999184, -25.000000000000313, 60.9499999999996, -6.349999999999734
281, 473.5000000000039, -26.299999999999812, 18.399999999999853, -6.900000000000093, -31.7000000000003, 67.54999999999974, -20.649999999999718
291, 473.5000000000039, -19.999999999999844, 10.29999999999983, -13.500000000000098, -25.05000000000027, 75.69999999999976, -22.04999999999973
301, 473.5000000000039, -21.499999999999872, 16.499999999999847, -16.150000000000112, -35.50000000000027, 90.4999999999996, -24.649999999999704
311, 473.5000000000039, -39.54999999999981, 28.399999999999853, -20.550000000000132, -51.20000000000023, 89.59999999999965, -15.449999999999694
321, 473.5000000000039, -34.399999999999864, 22.699999999999843, -18.00000000000014, -59.10000000000015, 76.94999999999972, -15.199999999999712
331, 473.5000000000039, -35.7499999999999, 22.349999999999795, -10.550000000000118, -64.25, 77.09999999999954, -25.699999999999733
341, 473.5000000000039, -32.60000000000001, 17.549999999999812, -15.850000000000136, -63.19999999999992, 79.54999999999946, -33.04999999999985
351, 473.5000000000039, -37.350000000000165, 24.79999999999983, -17.650000000000148, -65.79999999999994, 82.14999999999942, -32.199999999999804
361, 473.5000000000039, -46.95000000000013, 19.999999999999826, -13.950000000000173, -67.24999999999977, 78.09999999999951, -31.44999999999986
371, 473.5000000000039, -60.94999999999993, 30.299999999999837, -17.400000000000173, -64.39999999999968, 81.0499999999996, -33.150000000000034
381, 473.5000000000039, -54.29999999999997, 27.39999999999978, -20.40000000000016, -68.49999999999967, 78.19999999999942, -39.94999999999996
391, 473.5000000000039, -52.49999999999993, 20.149999999999796, -14.750000000000128, -73.39999999999965, 79.64999999999954, -29.35000000000002
401, 473.5000000000039, -65.19999999999986, 31.89999999999978, -27.850000000000165, -67.64999999999978, 69.4499999999996, -41.74999999999986
411, 473.5000000000039, -57.94999999999999, 30.99999999999981, -40.90000000000023, -58.2999999999998, 58.349999999999724, -40.64999999999995
421, 473.5000000000039, -55.649999999999835, 27.94999999999977, -37.35000000000029, -65.84999999999977, 65.64999999999996, -46.0499999999999
431, 473.5000000000039, -56.24999999999994, 37.2499999999997, -41.75000000000007, -74.0999999999997, 68.14999999999982, -54.649999999999835
441, 473.5000000000039, -59.65000000000009, 32.1499999999996, -38.84999999999998, -77.04999999999961, 57.14999999999988, -48.7499999999998
451, 473.5000000000039, -55.800000000000054, 40.19999999999965, -36.75000000000013, -84.69999999999975, 53.949999999999775, -55.59999999999967
461, 473.5000000000039, -58.75000000000017, 42.74999999999939, -32.45000000000035, -85.84999999999982, 51.2499999999999, -51.2999999999998
471, 473.5000000000039, -52.650000000000205, 32.84999999999922, -27.600000000000293, -60.4500000000001, 45.95000000000012, -49.0499999999999
481, 473.5000000000039, -70.20000000000017, 25.599999999999216, -31.60000000000023, -53.250000000000114, 49.500000000000085, -50.44999999999993
491, 473.5000000000039, -67.45000000000002, 24.049999999999237, -34.100000000000094, -57.55000000000007, 39.60000000000002, -41.350000000000136
501, 473.5000000000039, -67.85000000000011, 28.149999999999295, -45.60000000000004, -58.14999999999998, 48.09999999999985, -46.100000000000065
511, 473.5000000000039, -74.5000000000001, 28.999999999999265, -47.65000000000006, -63.44999999999999, 39.99999999999983, -33.05000000000024
521, 473.5000000000039, -60.15000000000032, 35.649999999999146, -49.35000000000028, -61.350000000000136, 46.09999999999974, -29.500000000000192
531, 473.5000000000039, -60.60000000000049, 36.7999999999991, -60.7500000000002, -72.70000000000003, 47.59999999999951, -29.10000000000023
541, 473.5000000000039, -60.90000000000056, 38.399999999999075, -62.500000000000185, -73.30000000000011, 42.799999999999585, -28.500000000000263
551, 473.5000000000039, -69.85000000000045, 30.949999999998944, -60.050000000000296, -79.89999999999996, 39.69999999999956, -30.1500000000003
561, 473.5000000000039, -61.350000000000364, 28.149999999998954, -60.90000000000033, -83.14999999999989, 48.49999999999949, -27.00000000000039
571, 473.5000000000039, -67.05000000000024, 20.049999999998917, -66.20000000000032, -94.79999999999988, 52.79999999999953, -30.300000000000395
581, 473.5000000000039, -69.2000000000004, 8.099999999998843, -62.050000000000296, -91.74999999999986, 54.54999999999946, -20.650000000000386
591, 473.5000000000039, -69.9000000000003, 8.149999999998846, -71.35000000000011, -89.8499999999998, 53.699999999999335, -21.200000000000394
601, 473.5000000000039, -74.05000000000027, 7.399999999998848, -72.05000000000024, -96.49999999999973, 46.59999999999931, -29.450000000000394
611, 473.5000000000039, -70.90000000000022, -1.8000000000011478, -82.30000000000022, -95.29999999999974, 40.44999999999938, -34.90000000000035
621, 473.5000000000039, -74.10000000000015, -2.850000000001139, -94.75000000000031, -91.59999999999981, 49.399999999999125, -29.400000000000414
631, 473.5000000000039, -74.00000000000021, -8.250000000001119, -96.40000000000036, -78.5999999999997, 45.99999999999915, -18.800000000000427
641, 473.5000000000039, -73.15000000000026, 3.9499999999988766, -96.55000000000032, -81.79999999999966, 41.299999999999216, -34.30000000000047
651, 473.5000000000039, -76.80000000000017, 9.649999999998883, -102.45000000000016, -70.39999999999965, 29.599999999999284, -38.4000000000005
661, 473.5000000000039, -75.85000000000022, 14.899999999998858, -117.75000000000003, -63.949999999999704, 31.99999999999932, -50.400000000000475
671, 473.5000000000039, -82.55000000000018, 5.199999999998854, -131.39999999999975, -65.89999999999974, 42.2499999999992, -57.550000000000466
681, 473.5000000000039, -77.80000000000014, 15.699999999998875, -132.7499999999997, -64.34999999999954, 41.84999999999928, -70.90000000000053
691, 473.5000000000039, -81.80000000000014, -1.5000000000011555, -133.0, -63.79999999999963, 35.94999999999964, -69.65000000000066
701, 473.5000000000039, -80.60000000000029, 9.149999999998847, -141.70000000000005, -54.7999999999998, 39.64999999999963, -70.95000000000067
711, 473.5000000000039, -80.3000000000004, -10.80000000000117, -132.44999999999987, -53.14999999999989, 36.59999999999969, -80.8500000000007
721, 473.5000000000039, -72.75000000000048, -20.60000000000116, -135.94999999999987, -48.04999999999987, 32.7999999999996, -91.15000000000072
731, 473.5000000000039, -76.65000000000043, -27.8500000000012, -133.65000000000003, -47.49999999999993, 40.49999999999933, -89.10000000000078
741, 473.5000000000039, -76.05000000000035, -30.050000000001162, -132.34999999999962, -55.450000000000045, 49.249999999999346, -80.40000000000073
751, 473.5000000000039, -65.90000000000036, -38.40000000000096, -129.85000000000005, -54.55000000000004, 37.74999999999949, -70.80000000000068
761, 473.5000000000039, -62.700000000000514, -42.90000000000079, -125.7999999999997, -47.15000000000015, 46.349999999999284, -75.05000000000067
771, 473.5000000000039, -67.60000000000058, -49.00000000000067, -122.7999999999998, -48.800000000000054, 39.84999999999923, -70.3000000000009
781, 473.5000000000039, -66.55000000000052, -47.50000000000075, -109.40000000000005, -41.5000000000001, 46.699999999999264, -79.75000000000091
791, 473.5000000000039, -64.85000000000048, -45.00000000000084, -116.64999999999995, -37.85000000000019, 58.74999999999926, -81.65000000000106
801, 473.5000000000039, -62.9000000000005, -44.550000000000836, -111.69999999999992, -27.30000000000029, 66.09999999999916, -82.05000000000095
811, 473.5000000000039, -67.3000000000006, -38.20000000000083, -105.80000000000003, -29.050000000000306, 58.94999999999905, -73.05000000000092
821, 473.5000000000039, -67.25000000000068, -44.60000000000089, -108.65000000000012, -31.000000000000107, 52.149999999998926, -71.20000000000097
831, 473.5000000000039, -70.2500000000006, -50.35000000000076, -118.45000000000005, -31.999999999999982, 55.94999999999885, -71.45000000000093
841, 473.5000000000039, -66.1500000000006, -47.500000000000554, -113.05000000000024, -34.299999999999955, 60.0999999999987, -65.20000000000091
851, 473.5000000000039, -63.85000000000056, -57.70000000000057, -109.90000000000016, -40.750000000000014, 71.19999999999855, -73.00000000000098
861, 473.5000000000039, -55.90000000000073, -53.05000000000055, -97.60000000000032, -43.850000000000094, 69.54999999999859, -70.50000000000098
871, 473.5000000000039, -37.050000000000864, -46.70000000000046, -103.65000000000035, -46.95, 67.84999999999869, -73.20000000000111
881, 473.5000000000039, -53.30000000000065, -46.05000000000072, -110.40000000000028, -56.749999999999986, 71.24999999999841, -60.35000000000116
891, 473.5000000000039, -43.950000000000756, -45.70000000000083, -111.3500000000003, -55.75000000000021, 78.89999999999831, -63.1500000000012
901, 473.5000000000039, -45.60000000000086, -42.15000000000086, -117.40000000000022, -57.40000000000026, 89.49999999999822, -66.05000000000123
911, 473.5000000000039, -43.050000000001006, -61.200000000000884, -109.5000000000003, -53.550000000000196, 90.44999999999814, -73.60000000000115
921, 473.5000000000039, -43.05000000000098, -45.300000000001106, -115.00000000000024, -49.10000000000042, 98.89999999999814, -73.25000000000105
931, 473.5000000000039, -50.05000000000106, -40.25000000000114, -119.30000000000025, -44.9500000000002, 95.19999999999818, -89.35000000000102
941, 473.5000000000039, -49.45000000000084, -45.95000000000107, -119.75000000000017, -37.550000000000054, 88.84999999999812, -83.35000000000105
951, 473.5000000000039, -40.950000000000784, -43.000000000000895, -113.20000000000023, -40.05000000000008, 89.94999999999831, -69.8500000000011
961, 473.5000000000039, -49.7000000000008, -35.00000000000087, -111.60000000000026, -37.7500000000001, 81.8999999999982, -61.300000000001305
971, 473.5000000000039, -33.600000000001, -41.80000000000079, -114.90000000000016, -36.750000000000234, 80.79999999999812, -71.40000000000127
981, 473.5000000000039, -36.6500000000008, -32.05000000000085, -118.60000000000018, -35.850000000000115, 79.59999999999816, -73.35000000000136
991, 473.5000000000039, -26.450000000000827, -37.200000000000955, -129.6000000000003, -27.349999999999998, 89.19999999999796, -80.85000000000133
1001, 473.5000000000039, -30.700000000000845, -24.400000000000972, -128.95000000000007, -30.500000000000053, 83.6499999999981, -90.95000000000121
1011, 473.5000000000039, -16.700000000000863, -21.900000000000958, -137.74999999999952, -29.350000000000023, 86.6999999999981, -86.60000000000129
1021, 473.5000000000039, -21.000000000000888, -18.300000000000956, -127.09999999999913, -36.40000000000011, 85.44999999999817, -70.05000000000138
1031, 473.5000000000039, -24.35000000000093, -15.300000000000942, -121.34999999999906, -28.35000000000026, 81.14999999999836, -68.3000000000013
1041, 473.5000000000039, -14.300000000000914, -16.450000000000966, -126.84999999999894, -24.400000000000226, 81.84999999999846, -72.05000000000123
1051, 473.5000000000039, -21.15000000000092, -12.750000000000991, -110.54999999999887, -18.800000000000225, 79.54999999999833, -74.250000000001
1061, 473.5000000000039, -21.750000000000927, -27.350000000000986, -113.54999999999887, -24.150000000000265, 77.29999999999824, -69.100000000001
1071, 473.5000000000039, -27.300000000000885, -25.90000000000096, -108.94999999999874, -33.30000000000021, 83.5999999999983, -72.75000000000094
1081, 473.5000000000039, -14.05000000000091, -25.400000000000997, -102.49999999999874, -31.350000000000193, 94.24999999999844, -59.05000000000106
1091, 473.5000000000039, -17.800000000000978, -20.600000000001, -94.99999999999868, -26.75000000000017, 98.04999999999836, -70.150000000001
1101, 473.5000000000039, -22.85000000000098, -12.15000000000098, -95.74999999999872, -28.700000000000177, 96.94999999999823, -68.55000000000095
1111, 473.5000000000039, -23.70000000000102, -14.45000000000102, -99.04999999999882, -34.4500000000002, 101.09999999999833, -63.15000000000083
1121, 473.5000000000039, -10.250000000000956, -6.4000000000010235, -98.14999999999884, -30.00000000000024, 92.19999999999867, -70.50000000000081
1131, 473.5000000000039, -26.850000000001014, -1.1500000000010338, -102.24999999999895, -35.20000000000013, 88.59999999999862, -61.200000000000884
1141, 473.5000000000039, -38.80000000000106, -8.200000000001037, -103.49999999999876, -35.599999999999916, 91.54999999999873, -80.95000000000081
1151, 473.5000000000039, -35.05000000000122, 0.5999999999989634, -93.54999999999879, -38.74999999999991, 91.14999999999881, -69.55000000000095
1161, 473.5000000000039, -32.2500000000013, -0.2000000000010379, -92.09999999999862, -38.39999999999992, 87.6999999999989, -64.75000000000102
1171, 473.5000000000039, -28.700000000001182, 6.19999999999896, -97.09999999999836, -46.29999999999987, 75.54999999999902, -73.1500000000008
1181, 473.5000000000039, -28.750000000001183, -4.800000000001042, -91.9499999999982, -45.44999999999986, 70.19999999999915, -79.00000000000078
1191, 473.5000000000039, -25.150000000001217, -12.900000000001047, -105.14999999999816, -56.999999999999886, 73.59999999999916, -79.35000000000088
1201, 473.5000000000039, -20.90000000000117, -16.100000000001074, -102.9999999999982, -46.749999999999844, 66.69999999999935, -74.50000000000072
1211, 473.5000000000039, -21.5500000000012, -19.700000000001076, -92.49999999999811, -46.099999999999824, 64.69999999999926, -71.85000000000088
1221, 473.5000000000039, -18.900000000001157, -27.15000000000109, -93.29999999999812, -40.89999999999981, 57.59999999999921, -65.6500000000008
1231, 473.5000000000039, -16.30000000000114, -19.55000000000108, -76.34999999999823, -40.14999999999985, 56.49999999999913, -59.550000000000864
1241, 473.5000000000039, -15.600000000001167, -25.250000000001112, -77.94999999999828, -41.44999999999989, 53.94999999999919, -55.85000000000082
1251, 473.5000000000039, -10.850000000001181, -35.35000000000104, -88.09999999999819, -38.79999999999984, 66.54999999999902, -57.75000000000068
1261, 473.5000000000039, -5.700000000001186, -35.80000000000104, -94.79999999999818, -32.24999999999998, 60.44999999999922, -55.850000000000676
1271, 473.5000000000039, -8.550000000001189, -44.05000000000083, -92.24999999999818, -38.499999999999886, 62.89999999999911, -66.70000000000074
1281, 473.5000000000039, -11.40000000000116, -39.90000000000078, -91.4999999999982, -39.44999999999986, 68.39999999999931, -66.1000000000008
1291, 473.5000000000039, -15.400000000001175, -43.45000000000092, -91.89999999999809, -56.949999999999974, 70.99999999999933, -62.350000000000904
1301, 473.5000000000039, -11.750000000001172, -28.3500000000009, -80.59999999999813, -56.70000000000002, 82.49999999999945, -70.30000000000088
1311, 473.5000000000039, -11.900000000001125, -25.2500000000009, -84.19999999999813, -64.00000000000014, 78.9499999999995, -67.50000000000075
1321, 473.5000000000039, -14.000000000001148, -25.900000000000894, -85.6499999999979, -54.05000000000017, 63.84999999999974, -63.500000000000696
1331, 473.5000000000039, -26.95000000000119, -17.350000000000907, -90.44999999999769, -61.50000000000023, 63.84999999999954, -71.90000000000056
1341, 473.5000000000039, -25.300000000001166, -28.000000000000938, -85.59999999999765, -61.200000000000216, 61.749999999999574, -74.40000000000067
1351, 473.5000000000039, -19.450000000001197, -25.15000000000094, -82.04999999999762, -50.10000000000025, 50.9999999999995, -72.25000000000074
1361, 473.5000000000039, -30.500000000001197, -17.400000000000944, -73.49999999999754, -48.10000000000008, 49.299999999999514, -63.85000000000076
1371, 473.5000000000039, -27.000000000001155, -19.100000000000932, -82.44999999999735, -47.85000000000015, 50.349999999999625, -65.9500000000007
1381, 473.5000000000039, -26.650000000001157, -15.60000000000096, -76.64999999999742, -52.80000000000001, 51.099999999999525, -59.35000000000065
1391, 473.5000000000039, -34.150000000001015, -13.750000000000949, -82.99999999999737, -45.95000000000012, 42.09999999999967, -67.10000000000072
1401, 473.5000000000039, -38.75000000000078, -13.300000000000985, -70.79999999999744, -50.350000000000094, 45.04999999999944, -68.50000000000067
1411, 473.5000000000039, -38.950000000000685, -12.90000000000098, -59.34999999999752, -53.099999999999966, 48.39999999999951, -77.15000000000077
1421, 473.5000000000039, -41.25000000000067, -13.100000000000966, -66.39999999999749, -57.64999999999982, 54.84999999999948, -71.15000000000069
1431, 473.5000000000039, -38.80000000000081, -3.8000000000009355, -52.09999999999759, -54.399999999999835, 46.24999999999966, -69.95000000000064
1441, 473.5000000000039, -29.65000000000087, -8.100000000000938, -54.049999999997624, -45.64999999999968, 41.59999999999944, -71.70000000000068
1451, 473.5000000000039, -33.600000000000854, -3.3000000000009413, -50.24999999999761, -45.69999999999962, 44.29999999999954, -63.45000000000067
1461, 473.5000000000039, -31.200000000000784, 6.899999999999058, -58.54999999999751, -39.499999999999716, 52.19999999999958, -70.60000000000083
1471, 473.5000000000039, -34.30000000000085, 13.54999999999906, -63.149999999997675, -44.64999999999971, 58.449999999999505, -86.65000000000077
1481, 473.5000000000039, -33.9500000000009, 21.749999999999062, -73.44999999999771, -51.84999999999958, 60.449999999999534, -84.10000000000086
1491, 473.5000000000039, -20.550000000000882, 31.99999999999903, -78.49999999999766, -47.89999999999961, 57.54999999999936, -83.85000000000113
1501, 473.5000000000039, -19.850000000000907, 27.049999999999045, -84.74999999999753, -56.24999999999953, 59.5999999999991, -92.15000000000106
1511, 473.5000000000039, -27.200000000000905, 37.99999999999906, -98.04999999999737, -43.7999999999997, 55.949999999999136, -80.10000000000117
1521, 473.5000000000039, -19.55000000000091, 33.09999999999898, -98.99999999999737, -34.74999999999983, 53.69999999999912, -79.85000000000113
1531, 473.5000000000039, -12.500000000000895, 33.449999999998894, -96.19999999999744, -32.899999999999935, 49.84999999999903, -70.10000000000117
1541, 473.5000000000039, -15.200000000000955, 29.599999999998882, -89.44999999999749, -35.549999999999855, 40.849999999999, -62.95000000000118
1551, 473.5000000000039, -17.750000000001, 22.449999999998916, -85.49999999999743, -36.64999999999999, 43.49999999999888, -62.45000000000121
1561, 473.5000000000039, -9.350000000000955, 17.549999999998903, -82.09999999999742, -34.99999999999994, 44.39999999999871, -77.45000000000098
1571, 473.5000000000039, -16.45000000000102, 16.449999999998894, -87.79999999999738, -33.59999999999991, 41.199999999998695, -73.60000000000132
1581, 473.5000000000039, -16.950000000000962, 16.299999999998878, -91.59999999999728, -40.79999999999987, 33.89999999999861, -58.10000000000149
1591, 473.5000000000039, -27.050000000000985, 14.049999999998846, -94.54999999999731, -35.35000000000001, 39.949999999998624, -53.45000000000152
1601, 473.5000000000039, -28.350000000000993, 0.4999999999988426, -92.09999999999728, -31.499999999999904, 37.599999999998644, -61.100000000001515
1611, 473.5000000000039, -29.15000000000096, 11.149999999998847, -102.44999999999717, -28.499999999999982, 37.849999999998545, -70.65000000000143
1621, 473.5000000000039, -28.100000000000932, 14.049999999998917, -102.09999999999714, -28.84999999999991, 36.24999999999855, -76.90000000000144
1631, 473.5000000000039, -21.650000000000947, 19.049999999998953, -90.19999999999727, -30.849999999999884, 44.69999999999844, -76.10000000000137
1641, 473.5000000000039, -13.50000000000091, 14.399999999998915, -88.14999999999745, -31.39999999999989, 41.59999999999856, -70.45000000000141
1651, 473.5000000000039, -15.500000000000913, 15.549999999998938, -85.69999999999725, -39.34999999999985, 49.499999999998366, -72.45000000000147
1661, 473.5000000000039, -18.5000000000009, 26.54999999999894, -83.19999999999742, -43.29999999999994, 49.54999999999836, -67.15000000000137
1671, 473.5000000000039, -16.200000000000887, 21.14999999999894, -86.54999999999748, -35.50000000000002, 55.54999999999825, -67.15000000000128
1681, 473.5000000000039, -23.10000000000093, 24.49999999999896, -97.54999999999757, -48.99999999999999, 59.54999999999822, -57.50000000000138
1691, 473.5000000000039, -26.850000000000918, 12.199999999998948, -95.84999999999764, -40.349999999999945, 56.99999999999828, -60.80000000000142
1701, 473.5000000000039, -32.50000000000102, 8.449999999998955, -94.34999999999755, -36.04999999999982, 61.449999999998, -58.45000000000138
1711, 473.5000000000039, -28.750000000001062, 6.299999999998962, -92.29999999999738, -43.14999999999984, 52.49999999999794, -83.05000000000123
1721, 473.5000000000039, -32.40000000000103, 5.249999999998964, -92.94999999999743, -46.35, 53.29999999999784, -95.70000000000128
1731, 473.5000000000039, -32.10000000000095, 2.649999999998966, -77.04999999999768, -47.050000000000075, 51.49999999999788, -95.80000000000099
1741, 473.5000000000039, -40.30000000000096, 8.849999999998975, -85.14999999999762, -44.850000000000115, 51.19999999999787, -99.25000000000105
1751, 473.5000000000039, -37.450000000000905, 4.0499999999989855, -89.74999999999778, -55.15000000000018, 46.849999999997806, -92.80000000000113
1761, 473.5000000000039, -40.75000000000083, 7.049999999998973, -90.54999999999774, -60.300000000000004, 35.59999999999779, -94.70000000000103
1771, 473.5000000000039, -44.0000000000007, 9.349999999998992, -88.5499999999978, -51.50000000000011, 39.29999999999767, -90.85000000000113
1781, 473.5000000000039, -32.35000000000068, 2.849999999998998, -92.99999999999785, -55.74999999999995, 30.599999999997745, -98.10000000000123
1791, 473.5000000000039, -35.25000000000062, 0.4999999999989981, -93.69999999999807, -64.64999999999979, 29.549999999997674, -94.75000000000131
1801, 473.5000000000039, -35.80000000000056, 4.449999999998994, -92.74999999999795, -66.49999999999989, 44.49999999999769, -98.75000000000122
1811, 473.5000000000039, -25.150000000000567, 3.399999999998988, -87.49999999999802, -70.79999999999953, 39.14999999999777, -101.75000000000134
1821, 473.5000000000039, -23.000000000000586, 4.099999999998995, -89.899999999998, -68.39999999999944, 28.89999999999782, -100.15000000000126
1831, 473.5000000000039, -25.550000000000573, 1.049999999998993, -94.39999999999803, -65.14999999999945, 27.049999999997794, -115.4500000000011
1841, 473.5000000000039, -26.70000000000061, 2.449999999998991, -108.74999999999793, -73.94999999999926, 36.99999999999775, -114.20000000000105
1851, 473.5000000000039, -24.300000000000598, 11.449999999999012, -101.54999999999802, -63.79999999999916, 33.59999999999763, -120.55000000000109
1861, 473.5000000000039, -28.30000000000062, 7.499999999999031, -98.94999999999823, -64.19999999999936, 33.29999999999767, -113.30000000000125
1871, 473.5000000000039, -37.30000000000061, -1.8000000000009608, -104.49999999999825, -66.94999999999929, 32.099999999997706, -101.50000000000132
1881, 473.5000000000039, -33.000000000000625, -0.7000000000009585, -107.19999999999833, -59.4999999999994, 29.24999999999777, -99.55000000000138
1891, 473.5000000000039, -29.3000000000005, 3.9499999999990356, -105.14999999999844, -61.899999999999295, 38.0999999999977, -114.15000000000128
1901, 473.5000000000039, -21.000000000000455, -3.4500000000009647, -97.54999999999842, -63.14999999999925, 48.399999999997625, -119.40000000000113
1911, 473.5000000000039, -20.150000000000464, -5.2000000000009505, -95.79999999999829, -67.09999999999917, 51.59999999999744, -127.95000000000074
1921, 473.5000000000039, -13.450000000000497, 7.0499999999990495, -96.54999999999819, -54.19999999999931, 55.04999999999736, -123.95000000000083
1931, 473.5000000000039, -11.200000000000532, 5.599999999999048, -109.499999999998, -63.44999999999915, 46.99999999999748, -124.15000000000073
1941, 473.5000000000039, -18.600000000000488, 12.79999999999907, -114.79999999999795, -60.89999999999921, 54.0499999999975, -129.0000000000004
1951, 473.5000000000039, -16.150000000000496, 10.999999999999094, -119.49999999999811, -57.94999999999915, 49.199999999997665, -124.00000000000021
1961, 473.5000000000039, -10.5500000000005, 23.249999999999055, -115.19999999999827, -62.59999999999911, 55.94999999999754, -118.8000000000002
1971, 473.5000000000039, -2.1500000000004764, 21.749999999999083, -117.54999999999833, -70.64999999999908, 48.19999999999761, -120.20000000000006
1981, 473.5000000000039, -2.450000000000482, 10.999999999999073, -112.14999999999827, -60.44999999999912, 39.749999999997435, -112.70000000000023
1991, 473.5000000000039, 9.44999999999952, 9.599999999999081, -115.39999999999843, -58.599999999999056, 54.14999999999741, -108.40000000000019
2001, 473.5000000000039, 8.2999999999995, 14.499999999999066, -102.74999999999855, -67.19999999999891, 62.549999999997425, -113.70000000000017
2011, 473.5000000000039, 10.099999999999536, 16.699999999999026, -102.34999999999863, -48.44999999999909, 63.949999999997345, -99.85000000000011
2021, 473.5000000000039, 4.449999999999495, 23.049999999999002, -103.24999999999878, -49.649999999999054, 65.5499999999974, -95.35000000000016
2031, 473.5000000000039, 6.199999999999487, 29.399999999999057, -115.69999999999864, -48.04999999999903, 58.24999999999747, -89.1000000000001
2041, 473.5000000000039, 7.649999999999494, 31.94999999999898, -120.14999999999878, -41.39999999999907, 52.79999999999758, -91.1500000000002
2051, 473.5000000000039, -0.500000000000493, 26.349999999998893, -122.94999999999877, -35.64999999999908, 66.34999999999744, -83.4500000000001
2061, 473.5000000000039, 5.3499999999995165, 24.04999999999888, -126.19999999999872, -26.899999999999036, 64.04999999999734, -82.75000000000023
2071, 473.5000000000039, -4.758277105665343E-13, 40.699999999998816, -133.34999999999818, -23.199999999999005, 74.39999999999715, -79.30000000000025
2081, 473.5000000000039, -7.500000000000478, 40.84999999999875, -128.14999999999816, -32.74999999999902, 75.04999999999734, -67.95000000000027
2091, 473.5000000000039, -5.100000000000492, 44.09999999999882, -122.44999999999804, -32.049999999998846, 83.14999999999714, -67.50000000000047
2101, 473.5000000000039, -11.600000000000524, 55.249999999998614, -119.34999999999799, -36.799999999998704, 81.54999999999717, -66.95000000000033
2111, 473.5000000000039, -11.200000000000491, 49.19999999999873, -121.14999999999797, -27.79999999999865, 78.89999999999715, -70.15000000000023
2121, 473.5000000000039, -20.850000000000588, 52.99999999999866, -110.79999999999805, -29.099999999998637, 75.29999999999707, -63.20000000000029
2131, 473.5000000000039, -9.400000000000553, 61.24999999999868, -116.89999999999804, -27.74999999999864, 74.79999999999713, -64.3500000000002
2141, 473.5000000000039, -9.250000000000583, 52.29999999999862, -117.59999999999795, -24.64999999999863, 69.34999999999712, -77.05000000000018
2151, 473.5000000000039, 5.149999999999431, 52.29999999999853, -125.99999999999787, -36.1499999999987, 64.8999999999972, -84.70000000000032
2161, 473.5000000000039, 1.0499999999994378, 44.99999999999858, -133.3499999999977, -22.049999999998665, 75.84999999999718, -89.85000000000042
2171, 473.5000000000039, 7.149999999999449, 50.499999999998494, -138.49999999999704, -19.699999999998674, 77.69999999999722, -84.95000000000036
2181, 473.5000000000039, 18.04999999999947, 66.09999999999823, -144.39999999999782, -17.19999999999866, 78.0499999999974, -88.85000000000045
2191, 473.5000000000039, 25.099999999999486, 59.8999999999983, -140.24999999999778, -22.749999999998682, 69.39999999999746, -95.60000000000046
2201, 473.5000000000039, 22.39999999999949, 55.74999999999831, -132.29999999999768, -18.79999999999869, 59.84999999999758, -103.85000000000039
2211, 473.5000000000039, 31.99999999999954, 57.949999999998354, -143.1999999999981, -21.249999999998682, 63.84999999999778, -99.15000000000046
2221, 473.5000000000039, 31.349999999999532, 56.59999999999849, -141.64999999999856, -23.04999999999872, 60.79999999999784, -94.45000000000061
2231, 473.5000000000039, 34.79999999999949, 57.29999999999848, -147.94999999999897, -22.64999999999875, 57.44999999999777, -96.75000000000048
2241, 473.5000000000039, 31.8999999999994, 57.899999999998386, -140.49999999999852, -21.199999999998745, 51.59999999999779, -86.75000000000057
2251, 473.5000000000039, 34.94999999999921, 64.74999999999828, -141.84999999999837, -21.59999999999871, 52.1499999999979, -83.10000000000052
2261, 473.5000000000039, 37.14999999999927, 61.24999999999848, -142.39999999999952, -25.599999999998715, 54.64999999999796, -83.05000000000052
2271, 473.5000000000039, 36.84999999999957, 70.24999999999851, -149.19999999999993, -16.999999999998657, 55.499999999998025, -82.25000000000045
2281, 473.5000000000039, 39.849999999999426, 72.79999999999845, -145.1999999999997, -10.799999999998704, 58.54999999999788, -84.95000000000047
2291, 473.5000000000039, 44.849999999999426, 81.2999999999985, -151.15000000000015, -4.0499999999986915, 63.9999999999978, -89.0000000000005
2301, 473.5000000000039, 40.64999999999955, 75.74999999999854, -157.10000000000082, -10.99999999999869, 63.09999999999765, -95.70000000000049
2311, 473.5000000000039, 41.099999999999554, 69.49999999999832, -148.15000000000094, -16.34999999999871, 63.899999999997576, -75.15000000000057
2321, 473.5000000000039, 40.7499999999996, 63.14999999999834, -147.85000000000065, -8.849999999998715, 70.69999999999747, -71.70000000000071
2331, 473.5000000000039, 45.44999999999931, 60.74999999999834, -151.25000000000063, -12.349999999998746, 71.04999999999745, -75.5000000000005
2341, 473.5000000000039, 44.74999999999943, 47.69999999999834, -143.60000000000025, -6.999999999998738, 66.89999999999749, -78.25000000000065
2351, 473.5000000000039, 43.14999999999952, 71.34999999999813, -152.25000000000006, -7.199999999998761, 69.64999999999748, -81.1000000000006
2361, 473.5000000000039, 26.849999999999635, 69.19999999999831, -149.3499999999994, -15.249999999998787, 68.89999999999735, -81.85000000000059
2371, 473.5000000000039, 30.199999999999672, 72.89999999999841, -144.549999999999, -3.699999999998739, 77.79999999999733, -96.50000000000053
2381, 473.5000000000039, 32.399999999999594, 70.74999999999825, -144.3999999999994, -10.59999999999874, 77.64999999999728, -111.10000000000043
2391, 473.5000000000039, 37.099999999999554, 74.09999999999826, -140.74999999999937, -12.499999999998714, 69.89999999999769, -108.45000000000041
2401, 473.5000000000039, 44.34999999999951, 71.79999999999822, -140.7999999999995, -4.5999999999987145, 60.14999999999782, -111.05000000000038
2411, 473.5000000000039, 32.199999999999484, 72.14999999999846, -136.29999999999916, -4.599999999998696, 53.299999999998036, -116.30000000000042
2421, 473.5000000000039, 38.849999999999525, 73.84999999999856, -138.74999999999983, -12.699999999998688, 56.899999999998144, -113.65000000000029
2431, 473.5000000000039, 43.84999999999944, 64.34999999999859, -129.94999999999874, 2.1500000000013064, 62.09999999999819, -106.55000000000041
2441, 473.5000000000039, 46.549999999999315, 58.54999999999883, -118.89999999999867, -4.299999999998694, 56.69999999999821, -95.45000000000039
2451, 473.5000000000039, 45.599999999999255, 65.34999999999876, -114.7499999999987, 6.900000000001304, 61.69999999999827, -93.25000000000051
2461, 473.5000000000039, 39.14999999999931, 65.44999999999878, -106.54999999999878, -7.7999999999986995, 66.74999999999818, -92.25000000000057
2471, 473.5000000000039, 39.29999999999919, 69.59999999999877, -105.39999999999876, -11.649999999998691, 71.84999999999818, -94.75000000000065
2481, 473.5000000000039, 51.94999999999915, 68.34999999999879, -107.74999999999885, -17.499999999998675, 73.64999999999816, -102.40000000000073
2491, 473.5000000000039, 36.54999999999917, 74.09999999999872, -107.19999999999877, -13.449999999998674, 77.84999999999809, -107.45000000000053
2501, 473.5000000000039, 33.149999999999196, 69.34999999999879, -95.24999999999874, -19.199999999998685, 76.349999999998, -113.0000000000005
2511, 473.5000000000039, 37.79999999999916, 62.949999999998724, -93.04999999999866, -19.849999999998687, 72.74999999999804, -123.3500000000003
2521, 473.5000000000039, 34.94999999999918, 66.74999999999865, -85.94999999999867, -23.699999999998685, 60.89999999999809, -117.80000000000034
2531, 473.5000000000039, 41.8499999999991, 61.34999999999842, -82.54999999999875, -27.7999999999987, 63.54999999999805, -124.40000000000033
2541, 473.5000000000039, 33.44999999999901, 49.79999999999848, -78.89999999999864, -16.949999999998674, 77.39999999999803, -119.90000000000022
2551, 473.5000000000039, 30.399999999999135, 54.59999999999849, -83.84999999999862, -32.69999999999868, 80.44999999999791, -124.70000000000009
2561, 473.5000000000039, 41.149999999998954, 53.099999999998374, -89.89999999999853, -34.049999999998704, 104.0999999999979, -140.7500000000005
2571, 473.5000000000039, 51.04999999999899, 43.04999999999849, -90.84999999999873, -43.19999999999855, 106.2999999999979, -145.84999999999985
2581, 473.5000000000039, 51.249999999999005, 53.79999999999859, -79.24999999999876, -38.54999999999879, 102.54999999999797, -144.69999999999936
2591, 473.5000000000039, 47.69999999999895, 48.34999999999859, -80.24999999999851, -49.99999999999882, 101.04999999999788, -151.19999999999925
2601, 473.5000000000039, 43.74999999999906, 56.6499999999986, -71.94999999999867, -47.799999999998775, 100.8499999999978, -148.94999999999885
2611, 473.5000000000039, 47.949999999998965, 48.59999999999846, -62.299999999998704, -49.79999999999892, 98.14999999999776, -143.19999999999948
2621, 473.5000000000039, 40.74999999999889, 40.74999999999848, -68.99999999999864, -49.19999999999884, 98.24999999999753, -137.89999999999895
2631, 473.5000000000039, 40.94999999999894, 39.499999999998295, -77.14999999999843, -45.39999999999891, 98.04999999999748, -136.69999999999948
2641, 473.5000000000039, 35.84999999999896, 48.249999999998366, -81.59999999999854, -41.299999999999, 102.24999999999747, -132.5999999999991
2651, 473.5000000000039, 24.999999999998934, 55.99999999999835, -73.1499999999986, -37.69999999999892, 111.94999999999754, -143.4000000000001
2661, 473.5000000000039, 19.299999999998946, 47.14999999999846, -73.79999999999865, -37.699999999998894, 105.64999999999759, -147.75000000000006
2671, 473.5000000000039, 31.549999999998935, 48.849999999998474, -68.09999999999863, -39.699999999998894, 108.99999999999757, -149.75000000000074
2681, 473.5000000000039, 33.549999999998825, 48.94999999999844, -74.89999999999836, -18.04999999999892, 108.59999999999765, -139.60000000000002
2691, 473.5000000000039, 25.449999999998894, 44.949999999998525, -76.9499999999983, -11.749999999998902, 121.1499999999977, -140.3500000000002
2701, 473.5000000000039, 33.649999999999004, 55.59999999999843, -81.3499999999985, -1.5499999999989198, 122.14999999999779, -137.60000000000014
2711, 473.5000000000039, 31.049999999998974, 52.04999999999826, -82.64999999999854, -10.849999999998918, 125.59999999999765, -137.7500000000004
2721, 473.5000000000039, 41.94999999999907, 45.199999999998425, -84.34999999999856, -15.34999999999894, 119.79999999999764, -143.9000000000001
2731, 473.5000000000039, 36.699999999999115, 50.549999999998434, -71.1999999999984, -3.1499999999989456, 123.64999999999765, -148.95000000000044
2741, 473.5000000000039, 27.24999999999901, 54.19999999999834, -80.99999999999852, -13.299999999998917, 120.09999999999759, -143.2000000000005
2751, 473.5000000000039, 34.4999999999989, 45.34999999999839, -72.19999999999854, -15.599999999998914, 123.54999999999757, -129.90000000000055
2761, 473.5000000000039, 36.24999999999897, 44.49999999999858, -65.49999999999869, -10.24999999999891, 117.09999999999745, -131.40000000000066
2771, 473.5000000000039, 47.04999999999887, 48.649999999998656, -69.74999999999848, -10.14999999999892, 111.69999999999742, -125.65000000000124
2781, 473.5000000000039, 51.89999999999885, 50.29999999999865, -66.24999999999848, -7.199999999998924, 124.5499999999974, -131.45000000000175
2791, 473.5000000000039, 54.39999999999899, 51.79999999999853, -73.19999999999834, -10.499999999998934, 130.74999999999775, -134.9500000000013
2801, 473.5000000000039, 62.499999999998984, 60.59999999999866, -65.74999999999865, -13.799999999998935, 120.14999999999802, -133.45000000000084
2811, 473.5000000000039, 73.74999999999898, 59.299999999998704, -75.1499999999986, -11.3999999999989, 120.29999999999806, -133.10000000000107
2821, 473.5000000000039, 79.64999999999921, 66.1999999999986, -67.09999999999849, -16.149999999998897, 113.14999999999816, -128.90000000000126
2831, 473.5000000000039, 82.29999999999909, 69.29999999999853, -62.74999999999845, -15.899999999998908, 105.14999999999807, -118.60000000000122
2841, 473.5000000000039, 77.34999999999894, 76.14999999999846, -64.54999999999852, -25.699999999998912, 100.84999999999806, -118.40000000000134
2851, 473.5000000000039, 86.59999999999901, 86.84999999999845, -61.84999999999839, -24.84999999999893, 109.64999999999807, -119.7500000000013
2861, 473.5000000000039, 88.849999999999, 82.49999999999866, -49.599999999998346, -20.149999999998933, 103.79999999999818, -115.05000000000148
2871, 473.5000000000039, 100.94999999999894, 94.54999999999858, -46.399999999998556, -9.599999999998932, 108.04999999999814, -108.95000000000151
2881, 473.5000000000039, 100.54999999999919, 105.64999999999863, -53.749999999998536, -16.249999999998927, 105.14999999999807, -114.25000000000169
2891, 473.5000000000039, 98.44999999999911, 99.49999999999855, -51.199999999998624, -15.849999999998921, 104.89999999999795, -106.75000000000189
2901, 473.5000000000039, 109.74999999999903, 99.29999999999859, -44.3999999999987, -12.59999999999889, 101.54999999999785, -107.95000000000188
2911, 473.5000000000039, 99.99999999999905, 89.89999999999858, -36.69999999999888, -8.149999999998858, 103.9499999999978, -111.65000000000195
2921, 473.5000000000039, 109.399999999999, 86.94999999999852, -35.749999999999076, -12.69999999999887, 100.54999999999788, -107.50000000000185
2931, 473.5000000000039, 103.74999999999906, 79.49999999999838, -37.149999999999196, -14.299999999998878, 101.8499999999978, -106.800000000002
2941, 473.5000000000039, 98.84999999999906, 81.04999999999838, -33.749999999999275, -20.249999999998856, 96.54999999999794, -92.45000000000199
2951, 473.5000000000039, 96.49999999999893, 81.89999999999841, -27.299999999999297, -15.249999999998849, 103.44999999999769, -104.35000000000174
2961, 473.5000000000039, 93.99999999999879, 88.1499999999984, -24.24999999999926, -27.199999999998898, 109.19999999999759, -103.90000000000188
2971, 473.5000000000039, 101.7499999999988, 83.24999999999854, -26.199999999999267, -25.399999999998872, 109.24999999999758, -106.95000000000194
2981, 473.5000000000039, 95.5499999999987, 79.74999999999854, -25.299999999999297, -23.549999999998853, 93.09999999999759, -95.60000000000204
2991, 473.5000000000039, 100.6499999999987, 88.09999999999852, -24.849999999999255, -29.849999999998854, 79.94999999999763, -92.30000000000206
0, 0.0, 0.0, 0.0, 0.0, 0.0, 0.0, 0.0
0, 0.0, 0.0, 0.0, 0.0, 0.0, 0.0, 0.0
0, 0.0, 0.0, 0.0, 0.0, 0.0, 0.0, 0.0
0, 0.0, 0.0, 0.0, 0.0, 0.0, 0.0, 0.0
0, 0.0, 0.0, 0.0, 0.0, 0.0, 0.0, 0.0
0, 0.0, 0.0, 0.0, 0.0, 0.0, 0.0, 0.0
0, 0.0, 0.0, 0.0, 0.0, 0.0, 0.0, 0.0
0, 0.0, 0.0, 0.0, 0.0, 0.0, 0.0, 0.0
0, 0.0, 0.0, 0.0, 0.0, 0.0, 0.0, 0.0
0, 0.0, 0.0, 0.0, 0.0, 0.0, 0.0, 0.0
0, 0.0, 0.0, 0.0, 0.0, 0.0, 0.0, 0.0
0, 0.0, 0.0, 0.0, 0.0, 0.0, 0.0, 0.0
0, 0.0, 0.0, 0.0, 0.0, 0.0, 0.0, 0.0
0, 0.0, 0.0, 0.0, 0.0, 0.0, 0.0, 0.0
0, 0.0, 0.0, 0.0, 0.0, 0.0, 0.0, 0.0
0, 0.0, 0.0, 0.0, 0.0, 0.0, 0.0, 0.0
0, 0.0, 0.0, 0.0, 0.0, 0.0, 0.0, 0.0
0, 0.0, 0.0, 0.0, 0.0, 0.0, 0.0, 0.0
0, 0.0, 0.0, 0.0, 0.0, 0.0, 0.0, 0.0
0, 0.0, 0.0, 0.0, 0.0, 0.0, 0.0, 0.0
0, 0.0, 0.0, 0.0, 0.0, 0.0, 0.0, 0.0
0, 0.0, 0.0, 0.0, 0.0, 0.0, 0.0, 0.0
0, 0.0, 0.0, 0.0, 0.0, 0.0, 0.0, 0.0
0, 0.0, 0.0, 0.0, 0.0, 0.0, 0.0, 0.0
0, 0.0, 0.0, 0.0, 0.0, 0.0, 0.0, 0.0
0, 0.0, 0.0, 0.0, 0.0, 0.0, 0.0, 0.0
0, 0.0, 0.0, 0.0, 0.0, 0.0, 0.0, 0.0
0, 0.0, 0.0, 0.0, 0.0, 0.0, 0.0, 0.0
0, 0.0, 0.0, 0.0, 0.0, 0.0, 0.0, 0.0
0, 0.0, 0.0, 0.0, 0.0, 0.0, 0.0, 0.0
0, 0.0, 0.0, 0.0, 0.0, 0.0, 0.0, 0.0
0, 0.0, 0.0, 0.0, 0.0, 0.0, 0.0, 0.0
0, 0.0, 0.0, 0.0, 0.0, 0.0, 0.0, 0.0
0, 0.0, 0.0, 0.0, 0.0, 0.0, 0.0, 0.0
0, 0.0, 0.0, 0.0, 0.0, 0.0, 0.0, 0.0
0, 0.0, 0.0, 0.0, 0.0, 0.0, 0.0, 0.0
0, 0.0, 0.0, 0.0, 0.0, 0.0, 0.0, 0.0
0, 0.0, 0.0, 0.0, 0.0, 0.0, 0.0, 0.0
0, 0.0, 0.0, 0.0, 0.0, 0.0, 0.0, 0.0
0, 0.0, 0.0, 0.0, 0.0, 0.0, 0.0, 0.0
0, 0.0, 0.0, 0.0, 0.0, 0.0, 0.0, 0.0
0, 0.0, 0.0, 0.0, 0.0, 0.0, 0.0, 0.0
0, 0.0, 0.0, 0.0, 0.0, 0.0, 0.0, 0.0
0, 0.0, 0.0, 0.0, 0.0, 0.0, 0.0, 0.0
0, 0.0, 0.0, 0.0, 0.0, 0.0, 0.0, 0.0
0, 0.0, 0.0, 0.0, 0.0, 0.0, 0.0, 0.0
0, 0.0, 0.0, 0.0, 0.0, 0.0, 0.0, 0.0
0, 0.0, 0.0, 0.0, 0.0, 0.0, 0.0, 0.0
0, 0.0, 0.0, 0.0, 0.0, 0.0, 0.0, 0.0
0, 0.0, 0.0, 0.0, 0.0, 0.0, 0.0, 0.0
0, 0.0, 0.0, 0.0, 0.0, 0.0, 0.0, 0.0
0, 0.0, 0.0, 0.0, 0.0, 0.0, 0.0, 0.0
0, 0.0, 0.0, 0.0, 0.0, 0.0, 0.0, 0.0
0, 0.0, 0.0, 0.0, 0.0, 0.0, 0.0, 0.0
0, 0.0, 0.0, 0.0, 0.0, 0.0, 0.0, 0.0
0, 0.0, 0.0, 0.0, 0.0, 0.0, 0.0, 0.0
0, 0.0, 0.0, 0.0, 0.0, 0.0, 0.0, 0.0
0, 0.0, 0.0, 0.0, 0.0, 0.0, 0.0, 0.0
0, 0.0, 0.0, 0.0, 0.0, 0.0, 0.0, 0.0
0, 0.0, 0.0, 0.0, 0.0, 0.0, 0.0, 0.0
0, 0.0, 0.0, 0.0, 0.0, 0.0, 0.0, 0.0
0, 0.0, 0.0, 0.0, 0.0, 0.0, 0.0, 0.0
0, 0.0, 0.0, 0.0, 0.0, 0.0, 0.0, 0.0
0, 0.0, 0.0, 0.0, 0.0, 0.0, 0.0, 0.0
0, 0.0, 0.0, 0.0, 0.0, 0.0, 0.0, 0.0
0, 0.0, 0.0, 0.0, 0.0, 0.0, 0.0, 0.0
0, 0.0, 0.0, 0.0, 0.0, 0.0, 0.0, 0.0
0, 0.0, 0.0, 0.0, 0.0, 0.0, 0.0, 0.0
0, 0.0, 0.0, 0.0, 0.0, 0.0, 0.0, 0.0
0, 0.0, 0.0, 0.0, 0.0, 0.0, 0.0, 0.0
0, 0.0, 0.0, 0.0, 0.0, 0.0, 0.0, 0.0
0, 0.0, 0.0, 0.0, 0.0, 0.0, 0.0, 0.0
0, 0.0, 0.0, 0.0, 0.0, 0.0, 0.0, 0.0
0, 0.0, 0.0, 0.0, 0.0, 0.0, 0.0, 0.0
0, 0.0, 0.0, 0.0, 0.0, 0.0, 0.0, 0.0
0, 0.0, 0.0, 0.0, 0.0, 0.0, 0.0, 0.0
0, 0.0, 0.0, 0.0, 0.0, 0.0, 0.0, 0.0
0, 0.0, 0.0, 0.0, 0.0, 0.0, 0.0, 0.0
0, 0.0, 0.0, 0.0, 0.0, 0.0, 0.0, 0.0
0, 0.0, 0.0, 0.0, 0.0, 0.0, 0.0, 0.0
0, 0.0, 0.0, 0.0, 0.0, 0.0, 0.0, 0.0
0, 0.0, 0.0, 0.0, 0.0, 0.0, 0.0, 0.0
0, 0.0, 0.0, 0.0, 0.0, 0.0, 0.0, 0.0
0, 0.0, 0.0, 0.0, 0.0, 0.0, 0.0, 0.0
0, 0.0, 0.0, 0.0, 0.0, 0.0, 0.0, 0.0
0, 0.0, 0.0, 0.0, 0.0, 0.0, 0.0, 0.0
0, 0.0, 0.0, 0.0, 0.0, 0.0, 0.0, 0.0
0, 0.0, 0.0, 0.0, 0.0, 0.0, 0.0, 0.0
0, 0.0, 0.0, 0.0, 0.0, 0.0, 0.0, 0.0
0, 0.0, 0.0, 0.0, 0.0, 0.0, 0.0, 0.0
0, 0.0, 0.0, 0.0, 0.0, 0.0, 0.0, 0.0
0, 0.0, 0.0, 0.0, 0.0, 0.0, 0.0, 0.0
0, 0.0, 0.0, 0.0, 0.0, 0.0, 0.0, 0.0
0, 0.0, 0.0, 0.0, 0.0, 0.0, 0.0, 0.0
0, 0.0, 0.0, 0.0, 0.0, 0.0, 0.0, 0.0
0, 0.0, 0.0, 0.0, 0.0, 0.0, 0.0, 0.0
0, 0.0, 0.0, 0.0, 0.0, 0.0, 0.0, 0.0
0, 0.0, 0.0, 0.0, 0.0, 0.0, 0.0, 0.0
0, 0.0, 0.0, 0.0, 0.0, 0.0, 0.0, 0.0
0, 0.0, 0.0, 0.0, 0.0, 0.0, 0.0, 0.0
0, 0.0, 0.0, 0.0, 0.0, 0.0, 0.0, 0.0
0, 0.0, 0.0, 0.0, 0.0, 0.0, 0.0, 0.0
0, 0.0, 0.0, 0.0, 0.0, 0.0, 0.0, 0.0
0, 0.0, 0.0, 0.0, 0.0, 0.0, 0.0, 0.0
0, 0.0, 0.0, 0.0, 0.0, 0.0, 0.0, 0.0
0, 0.0, 0.0, 0.0, 0.0, 0.0, 0.0, 0.0
0, 0.0, 0.0, 0.0, 0.0, 0.0, 0.0, 0.0
0, 0.0, 0.0, 0.0, 0.0, 0.0, 0.0, 0.0
0, 0.0, 0.0, 0.0, 0.0, 0.0, 0.0, 0.0
0, 0.0, 0.0, 0.0, 0.0, 0.0, 0.0, 0.0
0, 0.0, 0.0, 0.0, 0.0, 0.0, 0.0, 0.0
0, 0.0, 0.0, 0.0, 0.0, 0.0, 0.0, 0.0
0, 0.0, 0.0, 0.0, 0.0, 0.0, 0.0, 0.0
0, 0.0, 0.0, 0.0, 0.0, 0.0, 0.0, 0.0
0, 0.0, 0.0, 0.0, 0.0, 0.0, 0.0, 0.0
0, 0.0, 0.0, 0.0, 0.0, 0.0, 0.0, 0.0
0, 0.0, 0.0, 0.0, 0.0, 0.0, 0.0, 0.0
0, 0.0, 0.0, 0.0, 0.0, 0.0, 0.0, 0.0
0, 0.0, 0.0, 0.0, 0.0, 0.0, 0.0, 0.0
0, 0.0, 0.0, 0.0, 0.0, 0.0, 0.0, 0.0
0, 0.0, 0.0, 0.0, 0.0, 0.0, 0.0, 0.0
0, 0.0, 0.0, 0.0, 0.0, 0.0, 0.0, 0.0
0, 0.0, 0.0, 0.0, 0.0, 0.0, 0.0, 0.0
0, 0.0, 0.0, 0.0, 0.0, 0.0, 0.0, 0.0
0, 0.0, 0.0, 0.0, 0.0, 0.0, 0.0, 0.0
0, 0.0, 0.0, 0.0, 0.0, 0.0, 0.0, 0.0
0, 0.0, 0.0, 0.0, 0.0, 0.0, 0.0, 0.0
0, 0.0, 0.0, 0.0, 0.0, 0.0, 0.0, 0.0
0, 0.0, 0.0, 0.0, 0.0, 0.0, 0.0, 0.0
0, 0.0, 0.0, 0.0, 0.0, 0.0, 0.0, 0.0
0, 0.0, 0.0, 0.0, 0.0, 0.0, 0.0, 0.0
0, 0.0, 0.0, 0.0, 0.0, 0.0, 0.0, 0.0
0, 0.0, 0.0, 0.0, 0.0, 0.0, 0.0, 0.0
0, 0.0, 0.0, 0.0, 0.0, 0.0, 0.0, 0.0
0, 0.0, 0.0, 0.0, 0.0, 0.0, 0.0, 0.0
0, 0.0, 0.0, 0.0, 0.0, 0.0, 0.0, 0.0
0, 0.0, 0.0, 0.0, 0.0, 0.0, 0.0, 0.0
0, 0.0, 0.0, 0.0, 0.0, 0.0, 0.0, 0.0
0, 0.0, 0.0, 0.0, 0.0, 0.0, 0.0, 0.0
0, 0.0, 0.0, 0.0, 0.0, 0.0, 0.0, 0.0
0, 0.0, 0.0, 0.0, 0.0, 0.0, 0.0, 0.0
0, 0.0, 0.0, 0.0, 0.0, 0.0, 0.0, 0.0
0, 0.0, 0.0, 0.0, 0.0, 0.0, 0.0, 0.0
0, 0.0, 0.0, 0.0, 0.0, 0.0, 0.0, 0.0
0, 0.0, 0.0, 0.0, 0.0, 0.0, 0.0, 0.0
0, 0.0, 0.0, 0.0, 0.0, 0.0, 0.0, 0.0
0, 0.0, 0.0, 0.0, 0.0, 0.0, 0.0, 0.0
0, 0.0, 0.0, 0.0, 0.0, 0.0, 0.0, 0.0
0, 0.0, 0.0, 0.0, 0.0, 0.0, 0.0, 0.0
0, 0.0, 0.0, 0.0, 0.0, 0.0, 0.0, 0.0
0, 0.0, 0.0, 0.0, 0.0, 0.0, 0.0, 0.0
0, 0.0, 0.0, 0.0, 0.0, 0.0, 0.0, 0.0
0, 0.0, 0.0, 0.0, 0.0, 0.0, 0.0, 0.0
0, 0.0, 0.0, 0.0, 0.0, 0.0, 0.0, 0.0
0, 0.0, 0.0, 0.0, 0.0, 0.0, 0.0, 0.0
0, 0.0, 0.0, 0.0, 0.0, 0.0, 0.0, 0.0
0, 0.0, 0.0, 0.0, 0.0, 0.0, 0.0, 0.0
0, 0.0, 0.0, 0.0, 0.0, 0.0, 0.0, 0.0
0, 0.0, 0.0, 0.0, 0.0, 0.0, 0.0, 0.0
0, 0.0, 0.0, 0.0, 0.0, 0.0, 0.0, 0.0
0, 0.0, 0.0, 0.0, 0.0, 0.0, 0.0, 0.0
0, 0.0, 0.0, 0.0, 0.0, 0.0, 0.0, 0.0
0, 0.0, 0.0, 0.0, 0.0, 0.0, 0.0, 0.0
0, 0.0, 0.0, 0.0, 0.0, 0.0, 0.0, 0.0
0, 0.0, 0.0, 0.0, 0.0, 0.0, 0.0, 0.0
0, 0.0, 0.0, 0.0, 0.0, 0.0, 0.0, 0.0
0, 0.0, 0.0, 0.0, 0.0, 0.0, 0.0, 0.0
0, 0.0, 0.0, 0.0, 0.0, 0.0, 0.0, 0.0
0, 0.0, 0.0, 0.0, 0.0, 0.0, 0.0, 0.0
0, 0.0, 0.0, 0.0, 0.0, 0.0, 0.0, 0.0
0, 0.0, 0.0, 0.0, 0.0, 0.0, 0.0, 0.0
0, 0.0, 0.0, 0.0, 0.0, 0.0, 0.0, 0.0
0, 0.0, 0.0, 0.0, 0.0, 0.0, 0.0, 0.0
0, 0.0, 0.0, 0.0, 0.0, 0.0, 0.0, 0.0
0, 0.0, 0.0, 0.0, 0.0, 0.0, 0.0, 0.0
0, 0.0, 0.0, 0.0, 0.0, 0.0, 0.0, 0.0
0, 0.0, 0.0, 0.0, 0.0, 0.0, 0.0, 0.0
0, 0.0, 0.0, 0.0, 0.0, 0.0, 0.0, 0.0
0, 0.0, 0.0, 0.0, 0.0, 0.0, 0.0, 0.0
0, 0.0, 0.0, 0.0, 0.0, 0.0, 0.0, 0.0
0, 0.0, 0.0, 0.0, 0.0, 0.0, 0.0, 0.0
0, 0.0, 0.0, 0.0, 0.0, 0.0, 0.0, 0.0
0, 0.0, 0.0, 0.0, 0.0, 0.0, 0.0, 0.0
0, 0.0, 0.0, 0.0, 0.0, 0.0, 0.0, 0.0
0, 0.0, 0.0, 0.0, 0.0, 0.0, 0.0, 0.0
0, 0.0, 0.0, 0.0, 0.0, 0.0, 0.0, 0.0
0, 0.0, 0.0, 0.0, 0.0, 0.0, 0.0, 0.0
0, 0.0, 0.0, 0.0, 0.0, 0.0, 0.0, 0.0
0, 0.0, 0.0, 0.0, 0.0, 0.0, 0.0, 0.0
0, 0.0, 0.0, 0.0, 0.0, 0.0, 0.0, 0.0
0, 0.0, 0.0, 0.0, 0.0, 0.0, 0.0, 0.0
0, 0.0, 0.0, 0.0, 0.0, 0.0, 0.0, 0.0
0, 0.0, 0.0, 0.0, 0.0, 0.0, 0.0, 0.0
0, 0.0, 0.0, 0.0, 0.0, 0.0, 0.0, 0.0
0, 0.0, 0.0, 0.0, 0.0, 0.0, 0.0, 0.0
0, 0.0, 0.0, 0.0, 0.0, 0.0, 0.0, 0.0
0, 0.0, 0.0, 0.0, 0.0, 0.0, 0.0, 0.0
0, 0.0, 0.0, 0.0, 0.0, 0.0, 0.0, 0.0
0, 0.0, 0.0, 0.0, 0.0, 0.0, 0.0, 0.0
0, 0.0, 0.0, 0.0, 0.0, 0.0, 0.0, 0.0
0, 0.0, 0.0, 0.0, 0.0, 0.0, 0.0, 0.0
0, 0.0, 0.0, 0.0, 0.0, 0.0, 0.0, 0.0
0, 0.0, 0.0, 0.0, 0.0, 0.0, 0.0, 0.0
0, 0.0, 0.0, 0.0, 0.0, 0.0, 0.0, 0.0
0, 0.0, 0.0, 0.0, 0.0, 0.0, 0.0, 0.0
0, 0.0, 0.0, 0.0, 0.0, 0.0, 0.0, 0.0
0, 0.0, 0.0, 0.0, 0.0, 0.0, 0.0, 0.0
0, 0.0, 0.0, 0.0, 0.0, 0.0, 0.0, 0.0
0, 0.0, 0.0, 0.0, 0.0, 0.0, 0.0, 0.0
0, 0.0, 0.0, 0.0, 0.0, 0.0, 0.0, 0.0
0, 0.0, 0.0, 0.0, 0.0, 0.0, 0.0, 0.0
0, 0.0, 0.0, 0.0, 0.0, 0.0, 0.0, 0.0
0, 0.0, 0.0, 0.0, 0.0, 0.0, 0.0, 0.0
0, 0.0, 0.0, 0.0, 0.0, 0.0, 0.0, 0.0
0, 0.0, 0.0, 0.0, 0.0, 0.0, 0.0, 0.0
0, 0.0, 0.0, 0.0, 0.0, 0.0, 0.0, 0.0
0, 0.0, 0.0, 0.0, 0.0, 0.0, 0.0, 0.0
0, 0.0, 0.0, 0.0, 0.0, 0.0, 0.0, 0.0
0, 0.0, 0.0, 0.0, 0.0, 0.0, 0.0, 0.0
0, 0.0, 0.0, 0.0, 0.0, 0.0, 0.0, 0.0
0, 0.0, 0.0, 0.0, 0.0, 0.0, 0.0, 0.0
0, 0.0, 0.0, 0.0, 0.0, 0.0, 0.0, 0.0
0, 0.0, 0.0, 0.0, 0.0, 0.0, 0.0, 0.0
0, 0.0, 0.0, 0.0, 0.0, 0.0, 0.0, 0.0
0, 0.0, 0.0, 0.0, 0.0, 0.0, 0.0, 0.0
0, 0.0, 0.0, 0.0, 0.0, 0.0, 0.0, 0.0
0, 0.0, 0.0, 0.0, 0.0, 0.0, 0.0, 0.0
0, 0.0, 0.0, 0.0, 0.0, 0.0, 0.0, 0.0
0, 0.0, 0.0, 0.0, 0.0, 0.0, 0.0, 0.0
0, 0.0, 0.0, 0.0, 0.0, 0.0, 0.0, 0.0
0, 0.0, 0.0, 0.0, 0.0, 0.0, 0.0, 0.0
0, 0.0, 0.0, 0.0, 0.0, 0.0, 0.0, 0.0
0, 0.0, 0.0, 0.0, 0.0, 0.0, 0.0, 0.0
0, 0.0, 0.0, 0.0, 0.0, 0.0, 0.0, 0.0
0, 0.0, 0.0, 0.0, 0.0, 0.0, 0.0, 0.0
0, 0.0, 0.0, 0.0, 0.0, 0.0, 0.0, 0.0
0, 0.0, 0.0, 0.0, 0.0, 0.0, 0.0, 0.0
0, 0.0, 0.0, 0.0, 0.0, 0.0, 0.0, 0.0
0, 0.0, 0.0, 0.0, 0.0, 0.0, 0.0, 0.0
0, 0.0, 0.0, 0.0, 0.0, 0.0, 0.0, 0.0
0, 0.0, 0.0, 0.0, 0.0, 0.0, 0.0, 0.0
0, 0.0, 0.0, 0.0, 0.0, 0.0, 0.0, 0.0
0, 0.0, 0.0, 0.0, 0.0, 0.0, 0.0, 0.0
0, 0.0, 0.0, 0.0, 0.0, 0.0, 0.0, 0.0
0, 0.0, 0.0, 0.0, 0.0, 0.0, 0.0, 0.0
0, 0.0, 0.0, 0.0, 0.0, 0.0, 0.0, 0.0
0, 0.0, 0.0, 0.0, 0.0, 0.0, 0.0, 0.0
0, 0.0, 0.0, 0.0, 0.0, 0.0, 0.0, 0.0
0, 0.0, 0.0, 0.0, 0.0, 0.0, 0.0, 0.0
0, 0.0, 0.0, 0.0, 0.0, 0.0, 0.0, 0.0
0, 0.0, 0.0, 0.0, 0.0, 0.0, 0.0, 0.0
0, 0.0, 0.0, 0.0, 0.0, 0.0, 0.0, 0.0
0, 0.0, 0.0, 0.0, 0.0, 0.0, 0.0, 0.0
0, 0.0, 0.0, 0.0, 0.0, 0.0, 0.0, 0.0
0, 0.0, 0.0, 0.0, 0.0, 0.0, 0.0, 0.0
0, 0.0, 0.0, 0.0, 0.0, 0.0, 0.0, 0.0
0, 0.0, 0.0, 0.0, 0.0, 0.0, 0.0, 0.0
0, 0.0, 0.0, 0.0, 0.0, 0.0, 0.0, 0.0
0, 0.0, 0.0, 0.0, 0.0, 0.0, 0.0, 0.0
0, 0.0, 0.0, 0.0, 0.0, 0.0, 0.0, 0.0
0, 0.0, 0.0, 0.0, 0.0, 0.0, 0.0, 0.0
0, 0.0, 0.0, 0.0, 0.0, 0.0, 0.0, 0.0
0, 0.0, 0.0, 0.0, 0.0, 0.0, 0.0, 0.0
0, 0.0, 0.0, 0.0, 0.0, 0.0, 0.0, 0.0
0, 0.0, 0.0, 0.0, 0.0, 0.0, 0.0, 0.0
0, 0.0, 0.0, 0.0, 0.0, 0.0, 0.0, 0.0
0, 0.0, 0.0, 0.0, 0.0, 0.0, 0.0, 0.0
0, 0.0, 0.0, 0.0, 0.0, 0.0, 0.0, 0.0
0, 0.0, 0.0, 0.0, 0.0, 0.0, 0.0, 0.0
0, 0.0, 0.0, 0.0, 0.0, 0.0, 0.0, 0.0
0, 0.0, 0.0, 0.0, 0.0, 0.0, 0.0, 0.0
0, 0.0, 0.0, 0.0, 0.0, 0.0, 0.0, 0.0
0, 0.0, 0.0, 0.0, 0.0, 0.0, 0.0, 0.0
0, 0.0, 0.0, 0.0, 0.0, 0.0, 0.0, 0.0
0, 0.0, 0.0, 0.0, 0.0, 0.0, 0.0, 0.0
0, 0.0, 0.0, 0.0, 0.0, 0.0, 0.0, 0.0
0, 0.0, 0.0, 0.0, 0.0, 0.0, 0.0, 0.0
0, 0.0, 0.0, 0.0, 0.0, 0.0, 0.0, 0.0
0, 0.0, 0.0, 0.0, 0.0, 0.0, 0.0, 0.0
0, 0.0, 0.0, 0.0, 0.0, 0.0, 0.0, 0.0
0, 0.0, 0.0, 0.0, 0.0, 0.0, 0.0, 0.0
0, 0.0, 0.0, 0.0, 0.0, 0.0, 0.0, 0.0
0, 0.0, 0.0, 0.0, 0.0, 0.0, 0.0, 0.0
0, 0.0, 0.0, 0.0, 0.0, 0.0, 0.0, 0.0
0, 0.0, 0.0, 0.0, 0.0, 0.0, 0.0, 0.0
0, 0.0, 0.0, 0.0, 0.0, 0.0, 0.0, 0.0
0, 0.0, 0.0, 0.0, 0.0, 0.0, 0.0, 0.0
0, 0.0, 0.0, 0.0, 0.0, 0.0, 0.0, 0.0
0, 0.0, 0.0, 0.0, 0.0, 0.0, 0.0, 0.0
0, 0.0, 0.0, 0.0, 0.0, 0.0, 0.0, 0.0
0, 0.0, 0.0, 0.0, 0.0, 0.0, 0.0, 0.0
0, 0.0, 0.0, 0.0, 0.0, 0.0, 0.0, 0.0
0, 0.0, 0.0, 0.0, 0.0, 0.0, 0.0, 0.0
0, 0.0, 0.0, 0.0, 0.0, 0.0, 0.0, 0.0
0, 0.0, 0.0, 0.0, 0.0, 0.0, 0.0, 0.0
0, 0.0, 0.0, 0.0, 0.0, 0.0, 0.0, 0.0
0, 0.0, 0.0, 0.0, 0.0, 0.0, 0.0, 0.0
0, 0.0, 0.0, 0.0, 0.0, 0.0, 0.0, 0.0
0, 0.0, 0.0, 0.0, 0.0, 0.0, 0.0, 0.0
0, 0.0, 0.0, 0.0, 0.0, 0.0, 0.0, 0.0
0, 0.0, 0.0, 0.0, 0.0, 0.0, 0.0, 0.0
0, 0.0, 0.0, 0.0, 0.0, 0.0, 0.0, 0.0
0, 0.0, 0.0, 0.0, 0.0, 0.0, 0.0, 0.0
0, 0.0, 0.0, 0.0, 0.0, 0.0, 0.0, 0.0
0, 0.0, 0.0, 0.0, 0.0, 0.0, 0.0, 0.0
0, 0.0, 0.0, 0.0, 0.0, 0.0, 0.0, 0.0
0, 0.0, 0.0, 0.0, 0.0, 0.0, 0.0, 0.0
0, 0.0, 0.0, 0.0, 0.0, 0.0, 0.0, 0.0
0, 0.0, 0.0, 0.0, 0.0, 0.0, 0.0, 0.0
0, 0.0, 0.0, 0.0, 0.0, 0.0, 0.0, 0.0
0, 0.0, 0.0, 0.0, 0.0, 0.0, 0.0, 0.0
0, 0.0, 0.0, 0.0, 0.0, 0.0, 0.0, 0.0
0, 0.0, 0.0, 0.0, 0.0, 0.0, 0.0, 0.0
0, 0.0, 0.0, 0.0, 0.0, 0.0, 0.0, 0.0
0, 0.0, 0.0, 0.0, 0.0, 0.0, 0.0, 0.0
0, 0.0, 0.0, 0.0, 0.0, 0.0, 0.0, 0.0
0, 0.0, 0.0, 0.0, 0.0, 0.0, 0.0, 0.0
0, 0.0, 0.0, 0.0, 0.0, 0.0, 0.0, 0.0
0, 0.0, 0.0, 0.0, 0.0, 0.0, 0.0, 0.0
0, 0.0, 0.0, 0.0, 0.0, 0.0, 0.0, 0.0
0, 0.0, 0.0, 0.0, 0.0, 0.0, 0.0, 0.0
0, 0.0, 0.0, 0.0, 0.0, 0.0, 0.0, 0.0
0, 0.0, 0.0, 0.0, 0.0, 0.0, 0.0, 0.0
0, 0.0, 0.0, 0.0, 0.0, 0.0, 0.0, 0.0
0, 0.0, 0.0, 0.0, 0.0, 0.0, 0.0, 0.0
0, 0.0, 0.0, 0.0, 0.0, 0.0, 0.0, 0.0
0, 0.0, 0.0, 0.0, 0.0, 0.0, 0.0, 0.0
0, 0.0, 0.0, 0.0, 0.0, 0.0, 0.0, 0.0
0, 0.0, 0.0, 0.0, 0.0, 0.0, 0.0, 0.0
0, 0.0, 0.0, 0.0, 0.0, 0.0, 0.0, 0.0
0, 0.0, 0.0, 0.0, 0.0, 0.0, 0.0, 0.0
0, 0.0, 0.0, 0.0, 0.0, 0.0, 0.0, 0.0
0, 0.0, 0.0, 0.0, 0.0, 0.0, 0.0, 0.0
0, 0.0, 0.0, 0.0, 0.0, 0.0, 0.0, 0.0
0, 0.0, 0.0, 0.0, 0.0, 0.0, 0.0, 0.0
0, 0.0, 0.0, 0.0, 0.0, 0.0, 0.0, 0.0
0, 0.0, 0.0, 0.0, 0.0, 0.0, 0.0, 0.0
0, 0.0, 0.0, 0.0, 0.0, 0.0, 0.0, 0.0
0, 0.0, 0.0, 0.0, 0.0, 0.0, 0.0, 0.0
0, 0.0, 0.0, 0.0, 0.0, 0.0, 0.0, 0.0
0, 0.0, 0.0, 0.0, 0.0, 0.0, 0.0, 0.0
0, 0.0, 0.0, 0.0, 0.0, 0.0, 0.0, 0.0
0, 0.0, 0.0, 0.0, 0.0, 0.0, 0.0, 0.0
0, 0.0, 0.0, 0.0, 0.0, 0.0, 0.0, 0.0
0, 0.0, 0.0, 0.0, 0.0, 0.0, 0.0, 0.0
0, 0.0, 0.0, 0.0, 0.0, 0.0, 0.0, 0.0
0, 0.0, 0.0, 0.0, 0.0, 0.0, 0.0, 0.0
0, 0.0, 0.0, 0.0, 0.0, 0.0, 0.0, 0.0
0, 0.0, 0.0, 0.0, 0.0, 0.0, 0.0, 0.0
0, 0.0, 0.0, 0.0, 0.0, 0.0, 0.0, 0.0
0, 0.0, 0.0, 0.0, 0.0, 0.0, 0.0, 0.0
0, 0.0, 0.0, 0.0, 0.0, 0.0, 0.0, 0.0
0, 0.0, 0.0, 0.0, 0.0, 0.0, 0.0, 0.0
0, 0.0, 0.0, 0.0, 0.0, 0.0, 0.0, 0.0
0, 0.0, 0.0, 0.0, 0.0, 0.0, 0.0, 0.0
0, 0.0, 0.0, 0.0, 0.0, 0.0, 0.0, 0.0
0, 0.0, 0.0, 0.0, 0.0, 0.0, 0.0, 0.0
0, 0.0, 0.0, 0.0, 0.0, 0.0, 0.0, 0.0
0, 0.0, 0.0, 0.0, 0.0, 0.0, 0.0, 0.0
0, 0.0, 0.0, 0.0, 0.0, 0.0, 0.0, 0.0
0, 0.0, 0.0, 0.0, 0.0, 0.0, 0.0, 0.0
0, 0.0, 0.0, 0.0, 0.0, 0.0, 0.0, 0.0
0, 0.0, 0.0, 0.0, 0.0, 0.0, 0.0, 0.0
0, 0.0, 0.0, 0.0, 0.0, 0.0, 0.0, 0.0
0, 0.0, 0.0, 0.0, 0.0, 0.0, 0.0, 0.0
0, 0.0, 0.0, 0.0, 0.0, 0.0, 0.0, 0.0
0, 0.0, 0.0, 0.0, 0.0, 0.0, 0.0, 0.0
0, 0.0, 0.0, 0.0, 0.0, 0.0, 0.0, 0.0
0, 0.0, 0.0, 0.0, 0.0, 0.0, 0.0, 0.0
0, 0.0, 0.0, 0.0, 0.0, 0.0, 0.0, 0.0
0, 0.0, 0.0, 0.0, 0.0, 0.0, 0.0, 0.0
0, 0.0, 0.0, 0.0, 0.0, 0.0, 0.0, 0.0
0, 0.0, 0.0, 0.0, 0.0, 0.0, 0.0, 0.0
0, 0.0, 0.0, 0.0, 0.0, 0.0, 0.0, 0.0
0, 0.0, 0.0, 0.0, 0.0, 0.0, 0.0, 0.0
0, 0.0, 0.0, 0.0, 0.0, 0.0, 0.0, 0.0
0, 0.0, 0.0, 0.0, 0.0, 0.0, 0.0, 0.0
0, 0.0, 0.0, 0.0, 0.0, 0.0, 0.0, 0.0
0, 0.0, 0.0, 0.0, 0.0, 0.0, 0.0, 0.0
0, 0.0, 0.0, 0.0, 0.0, 0.0, 0.0, 0.0
0, 0.0, 0.0, 0.0, 0.0, 0.0, 0.0, 0.0
0, 0.0, 0.0, 0.0, 0.0, 0.0, 0.0, 0.0
0, 0.0, 0.0, 0.0, 0.0, 0.0, 0.0, 0.0
0, 0.0, 0.0, 0.0, 0.0, 0.0, 0.0, 0.0
0, 0.0, 0.0, 0.0, 0.0, 0.0, 0.0, 0.0
0, 0.0, 0.0, 0.0, 0.0, 0.0, 0.0, 0.0
0, 0.0, 0.0, 0.0, 0.0, 0.0, 0.0, 0.0
0, 0.0, 0.0, 0.0, 0.0, 0.0, 0.0, 0.0
0, 0.0, 0.0, 0.0, 0.0, 0.0, 0.0, 0.0
0, 0.0, 0.0, 0.0, 0.0, 0.0, 0.0, 0.0
0, 0.0, 0.0, 0.0, 0.0, 0.0, 0.0, 0.0
0, 0.0, 0.0, 0.0, 0.0, 0.0, 0.0, 0.0
0, 0.0, 0.0, 0.0, 0.0, 0.0, 0.0, 0.0
0, 0.0, 0.0, 0.0, 0.0, 0.0, 0.0, 0.0
0, 0.0, 0.0, 0.0, 0.0, 0.0, 0.0, 0.0
0, 0.0, 0.0, 0.0, 0.0, 0.0, 0.0, 0.0
0, 0.0, 0.0, 0.0, 0.0, 0.0, 0.0, 0.0
0, 0.0, 0.0, 0.0, 0.0, 0.0, 0.0, 0.0
0, 0.0, 0.0, 0.0, 0.0, 0.0, 0.0, 0.0
0, 0.0, 0.0, 0.0, 0.0, 0.0, 0.0, 0.0
0, 0.0, 0.0, 0.0, 0.0, 0.0, 0.0, 0.0
0, 0.0, 0.0, 0.0, 0.0, 0.0, 0.0, 0.0
0, 0.0, 0.0, 0.0, 0.0, 0.0, 0.0, 0.0
0, 0.0, 0.0, 0.0, 0.0, 0.0, 0.0, 0.0
0, 0.0, 0.0, 0.0, 0.0, 0.0, 0.0, 0.0
0, 0.0, 0.0, 0.0, 0.0, 0.0, 0.0, 0.0
0, 0.0, 0.0, 0.0, 0.0, 0.0, 0.0, 0.0
0, 0.0, 0.0, 0.0, 0.0, 0.0, 0.0, 0.0
0, 0.0, 0.0, 0.0, 0.0, 0.0, 0.0, 0.0
0, 0.0, 0.0, 0.0, 0.0, 0.0, 0.0, 0.0
0, 0.0, 0.0, 0.0, 0.0, 0.0, 0.0, 0.0
0, 0.0, 0.0, 0.0, 0.0, 0.0, 0.0, 0.0
0, 0.0, 0.0, 0.0, 0.0, 0.0, 0.0, 0.0
0, 0.0, 0.0, 0.0, 0.0, 0.0, 0.0, 0.0
0, 0.0, 0.0, 0.0, 0.0, 0.0, 0.0, 0.0
0, 0.0, 0.0, 0.0, 0.0, 0.0, 0.0, 0.0
0, 0.0, 0.0, 0.0, 0.0, 0.0, 0.0, 0.0
0, 0.0, 0.0, 0.0, 0.0, 0.0, 0.0, 0.0
0, 0.0, 0.0, 0.0, 0.0, 0.0, 0.0, 0.0
0, 0.0, 0.0, 0.0, 0.0, 0.0, 0.0, 0.0
0, 0.0, 0.0, 0.0, 0.0, 0.0, 0.0, 0.0
0, 0.0, 0.0, 0.0, 0.0, 0.0, 0.0, 0.0
0, 0.0, 0.0, 0.0, 0.0, 0.0, 0.0, 0.0
0, 0.0, 0.0, 0.0, 0.0, 0.0, 0.0, 0.0
0, 0.0, 0.0, 0.0, 0.0, 0.0, 0.0, 0.0
0, 0.0, 0.0, 0.0, 0.0, 0.0, 0.0, 0.0
0, 0.0, 0.0, 0.0, 0.0, 0.0, 0.0, 0.0
0, 0.0, 0.0, 0.0, 0.0, 0.0, 0.0, 0.0
0, 0.0, 0.0, 0.0, 0.0, 0.0, 0.0, 0.0
0, 0.0, 0.0, 0.0, 0.0, 0.0, 0.0, 0.0
0, 0.0, 0.0, 0.0, 0.0, 0.0, 0.0, 0.0
0, 0.0, 0.0, 0.0, 0.0, 0.0, 0.0, 0.0
0, 0.0, 0.0, 0.0, 0.0, 0.0, 0.0, 0.0
0, 0.0, 0.0, 0.0, 0.0, 0.0, 0.0, 0.0
0, 0.0, 0.0, 0.0, 0.0, 0.0, 0.0, 0.0
0, 0.0, 0.0, 0.0, 0.0, 0.0, 0.0, 0.0
0, 0.0, 0.0, 0.0, 0.0, 0.0, 0.0, 0.0
0, 0.0, 0.0, 0.0, 0.0, 0.0, 0.0, 0.0
0, 0.0, 0.0, 0.0, 0.0, 0.0, 0.0, 0.0
0, 0.0, 0.0, 0.0, 0.0, 0.0, 0.0, 0.0
0, 0.0, 0.0, 0.0, 0.0, 0.0, 0.0, 0.0
0, 0.0, 0.0, 0.0, 0.0, 0.0, 0.0, 0.0
0, 0.0, 0.0, 0.0, 0.0, 0.0, 0.0, 0.0
0, 0.0, 0.0, 0.0, 0.0, 0.0, 0.0, 0.0
0, 0.0, 0.0, 0.0, 0.0, 0.0, 0.0, 0.0
0, 0.0, 0.0, 0.0, 0.0, 0.0, 0.0, 0.0
0, 0.0, 0.0, 0.0, 0.0, 0.0, 0.0, 0.0
0, 0.0, 0.0, 0.0, 0.0, 0.0, 0.0, 0.0
0, 0.0, 0.0, 0.0, 0.0, 0.0, 0.0, 0.0
0, 0.0, 0.0, 0.0, 0.0, 0.0, 0.0, 0.0
0, 0.0, 0.0, 0.0, 0.0, 0.0, 0.0, 0.0
0, 0.0, 0.0, 0.0, 0.0, 0.0, 0.0, 0.0
0, 0.0, 0.0, 0.0, 0.0, 0.0, 0.0, 0.0
0, 0.0, 0.0, 0.0, 0.0, 0.0, 0.0, 0.0
0, 0.0, 0.0, 0.0, 0.0, 0.0, 0.0, 0.0
0, 0.0, 0.0, 0.0, 0.0, 0.0, 0.0, 0.0
0, 0.0, 0.0, 0.0, 0.0, 0.0, 0.0, 0.0
0, 0.0, 0.0, 0.0, 0.0, 0.0, 0.0, 0.0
0, 0.0, 0.0, 0.0, 0.0, 0.0, 0.0, 0.0
0, 0.0, 0.0, 0.0, 0.0, 0.0, 0.0, 0.0
0, 0.0, 0.0, 0.0, 0.0, 0.0, 0.0, 0.0
0, 0.0, 0.0, 0.0, 0.0, 0.0, 0.0, 0.0
0, 0.0, 0.0, 0.0, 0.0, 0.0, 0.0, 0.0
0, 0.0, 0.0, 0.0, 0.0, 0.0, 0.0, 0.0
0, 0.0, 0.0, 0.0, 0.0, 0.0, 0.0, 0.0
0, 0.0, 0.0, 0.0, 0.0, 0.0, 0.0, 0.0
0, 0.0, 0.0, 0.0, 0.0, 0.0, 0.0, 0.0
0, 0.0, 0.0, 0.0, 0.0, 0.0, 0.0, 0.0
0, 0.0, 0.0, 0.0, 0.0, 0.0, 0.0, 0.0
0, 0.0, 0.0, 0.0, 0.0, 0.0, 0.0, 0.0
0, 0.0, 0.0, 0.0, 0.0, 0.0, 0.0, 0.0
0, 0.0, 0.0, 0.0, 0.0, 0.0, 0.0, 0.0
0, 0.0, 0.0, 0.0, 0.0, 0.0, 0.0, 0.0
0, 0.0, 0.0, 0.0, 0.0, 0.0, 0.0, 0.0
0, 0.0, 0.0, 0.0, 0.0, 0.0, 0.0, 0.0
0, 0.0, 0.0, 0.0, 0.0, 0.0, 0.0, 0.0
0, 0.0, 0.0, 0.0, 0.0, 0.0, 0.0, 0.0
0, 0.0, 0.0, 0.0, 0.0, 0.0, 0.0, 0.0
0, 0.0, 0.0, 0.0, 0.0, 0.0, 0.0, 0.0
0, 0.0, 0.0, 0.0, 0.0, 0.0, 0.0, 0.0
0, 0.0, 0.0, 0.0, 0.0, 0.0, 0.0, 0.0
0, 0.0, 0.0, 0.0, 0.0, 0.0, 0.0, 0.0
0, 0.0, 0.0, 0.0, 0.0, 0.0, 0.0, 0.0
0, 0.0, 0.0, 0.0, 0.0, 0.0, 0.0, 0.0
0, 0.0, 0.0, 0.0, 0.0, 0.0, 0.0, 0.0
0, 0.0, 0.0, 0.0, 0.0, 0.0, 0.0, 0.0
0, 0.0, 0.0, 0.0, 0.0, 0.0, 0.0, 0.0
0, 0.0, 0.0, 0.0, 0.0, 0.0, 0.0, 0.0
0, 0.0, 0.0, 0.0, 0.0, 0.0, 0.0, 0.0
0, 0.0, 0.0, 0.0, 0.0, 0.0, 0.0, 0.0
0, 0.0, 0.0, 0.0, 0.0, 0.0, 0.0, 0.0
0, 0.0, 0.0, 0.0, 0.0, 0.0, 0.0, 0.0
0, 0.0, 0.0, 0.0, 0.0, 0.0, 0.0, 0.0
0, 0.0, 0.0, 0.0, 0.0, 0.0, 0.0, 0.0
0, 0.0, 0.0, 0.0, 0.0, 0.0, 0.0, 0.0
0, 0.0, 0.0, 0.0, 0.0, 0.0, 0.0, 0.0
0, 0.0, 0.0, 0.0, 0.0, 0.0, 0.0, 0.0
0, 0.0, 0.0, 0.0, 0.0, 0.0, 0.0, 0.0
0, 0.0, 0.0, 0.0, 0.0, 0.0, 0.0, 0.0
0, 0.0, 0.0, 0.0, 0.0, 0.0, 0.0, 0.0
0, 0.0, 0.0, 0.0, 0.0, 0.0, 0.0, 0.0
0, 0.0, 0.0, 0.0, 0.0, 0.0, 0.0, 0.0
0, 0.0, 0.0, 0.0, 0.0, 0.0, 0.0, 0.0
0, 0.0, 0.0, 0.0, 0.0, 0.0, 0.0, 0.0
0, 0.0, 0.0, 0.0, 0.0, 0.0, 0.0, 0.0
0, 0.0, 0.0, 0.0, 0.0, 0.0, 0.0, 0.0
0, 0.0, 0.0, 0.0, 0.0, 0.0, 0.0, 0.0
0, 0.0, 0.0, 0.0, 0.0, 0.0, 0.0, 0.0
0, 0.0, 0.0, 0.0, 0.0, 0.0, 0.0, 0.0
0, 0.0, 0.0, 0.0, 0.0, 0.0, 0.0, 0.0
0, 0.0, 0.0, 0.0, 0.0, 0.0, 0.0, 0.0
0, 0.0, 0.0, 0.0, 0.0, 0.0, 0.0, 0.0
0, 0.0, 0.0, 0.0, 0.0, 0.0, 0.0, 0.0
0, 0.0, 0.0, 0.0, 0.0, 0.0, 0.0, 0.0
0, 0.0, 0.0, 0.0, 0.0, 0.0, 0.0, 0.0
0, 0.0, 0.0, 0.0, 0.0, 0.0, 0.0, 0.0
0, 0.0, 0.0, 0.0, 0.0, 0.0, 0.0, 0.0
0, 0.0, 0.0, 0.0, 0.0, 0.0, 0.0, 0.0
0, 0.0, 0.0, 0.0, 0.0, 0.0, 0.0, 0.0
0, 0.0, 0.0, 0.0, 0.0, 0.0, 0.0, 0.0
0, 0.0, 0.0, 0.0, 0.0, 0.0, 0.0, 0.0
0, 0.0, 0.0, 0.0, 0.0, 0.0, 0.0, 0.0
0, 0.0, 0.0, 0.0, 0.0, 0.0, 0.0, 0.0
0, 0.0, 0.0, 0.0, 0.0, 0.0, 0.0, 0.0
0, 0.0, 0.0, 0.0, 0.0, 0.0, 0.0, 0.0
0, 0.0, 0.0, 0.0, 0.0, 0.0, 0.0, 0.0
0, 0.0, 0.0, 0.0, 0.0, 0.0, 0.0, 0.0
0, 0.0, 0.0, 0.0, 0.0, 0.0, 0.0, 0.0
0, 0.0, 0.0, 0.0, 0.0, 0.0, 0.0, 0.0
0, 0.0, 0.0, 0.0, 0.0, 0.0, 0.0, 0.0
0, 0.0, 0.0, 0.0, 0.0, 0.0, 0.0, 0.0
0, 0.0, 0.0, 0.0, 0.0, 0.0, 0.0, 0.0
0, 0.0, 0.0, 0.0, 0.0, 0.0, 0.0, 0.0
0, 0.0, 0.0, 0.0, 0.0, 0.0, 0.0, 0.0
0, 0.0, 0.0, 0.0, 0.0, 0.0, 0.0, 0.0
0, 0.0, 0.0, 0.0, 0.0, 0.0, 0.0, 0.0
0, 0.0, 0.0, 0.0, 0.0, 0.0, 0.0, 0.0
0, 0.0, 0.0, 0.0, 0.0, 0.0, 0.0, 0.0
0, 0.0, 0.0, 0.0, 0.0, 0.0, 0.0, 0.0
0, 0.0, 0.0, 0.0, 0.0, 0.0, 0.0, 0.0
0, 0.0, 0.0, 0.0, 0.0, 0.0, 0.0, 0.0
0, 0.0, 0.0, 0.0, 0.0, 0.0, 0.0, 0.0
0, 0.0, 0.0, 0.0, 0.0, 0.0, 0.0, 0.0
0, 0.0, 0.0, 0.0, 0.0, 0.0, 0.0, 0.0
0, 0.0, 0.0, 0.0, 0.0, 0.0, 0.0, 0.0
0, 0.0, 0.0, 0.0, 0.0, 0.0, 0.0, 0.0
0, 0.0, 0.0, 0.0, 0.0, 0.0, 0.0, 0.0
0, 0.0, 0.0, 0.0, 0.0, 0.0, 0.0, 0.0
0, 0.0, 0.0, 0.0, 0.0, 0.0, 0.0, 0.0
0, 0.0, 0.0, 0.0, 0.0, 0.0, 0.0, 0.0
0, 0.0, 0.0, 0.0, 0.0, 0.0, 0.0, 0.0
0, 0.0, 0.0, 0.0, 0.0, 0.0, 0.0, 0.0
0, 0.0, 0.0, 0.0, 0.0, 0.0, 0.0, 0.0
0, 0.0, 0.0, 0.0, 0.0, 0.0, 0.0, 0.0
0, 0.0, 0.0, 0.0, 0.0, 0.0, 0.0, 0.0
0, 0.0, 0.0, 0.0, 0.0, 0.0, 0.0, 0.0
0, 0.0, 0.0, 0.0, 0.0, 0.0, 0.0, 0.0
0, 0.0, 0.0, 0.0, 0.0, 0.0, 0.0, 0.0
0, 0.0, 0.0, 0.0, 0.0, 0.0, 0.0, 0.0
0, 0.0, 0.0, 0.0, 0.0, 0.0, 0.0, 0.0
0, 0.0, 0.0, 0.0, 0.0, 0.0, 0.0, 0.0
0, 0.0, 0.0, 0.0, 0.0, 0.0, 0.0, 0.0
0, 0.0, 0.0, 0.0, 0.0, 0.0, 0.0, 0.0
0, 0.0, 0.0, 0.0, 0.0, 0.0, 0.0, 0.0
0, 0.0, 0.0, 0.0, 0.0, 0.0, 0.0, 0.0
0, 0.0, 0.0, 0.0, 0.0, 0.0, 0.0, 0.0
0, 0.0, 0.0, 0.0, 0.0, 0.0, 0.0, 0.0
0, 0.0, 0.0, 0.0, 0.0, 0.0, 0.0, 0.0
0, 0.0, 0.0, 0.0, 0.0, 0.0, 0.0, 0.0
0, 0.0, 0.0, 0.0, 0.0, 0.0, 0.0, 0.0
0, 0.0, 0.0, 0.0, 0.0, 0.0, 0.0, 0.0
0, 0.0, 0.0, 0.0, 0.0, 0.0, 0.0, 0.0
0, 0.0, 0.0, 0.0, 0.0, 0.0, 0.0, 0.0
0, 0.0, 0.0, 0.0, 0.0, 0.0, 0.0, 0.0
0, 0.0, 0.0, 0.0, 0.0, 0.0, 0.0, 0.0
0, 0.0, 0.0, 0.0, 0.0, 0.0, 0.0, 0.0
0, 0.0, 0.0, 0.0, 0.0, 0.0, 0.0, 0.0
0, 0.0, 0.0, 0.0, 0.0, 0.0, 0.0, 0.0
0, 0.0, 0.0, 0.0, 0.0, 0.0, 0.0, 0.0
0, 0.0, 0.0, 0.0, 0.0, 0.0, 0.0, 0.0
0, 0.0, 0.0, 0.0, 0.0, 0.0, 0.0, 0.0
0, 0.0, 0.0, 0.0, 0.0, 0.0, 0.0, 0.0
0, 0.0, 0.0, 0.0, 0.0, 0.0, 0.0, 0.0
0, 0.0, 0.0, 0.0, 0.0, 0.0, 0.0, 0.0
0, 0.0, 0.0, 0.0, 0.0, 0.0, 0.0, 0.0
0, 0.0, 0.0, 0.0, 0.0, 0.0, 0.0, 0.0
0, 0.0, 0.0, 0.0, 0.0, 0.0, 0.0, 0.0
0, 0.0, 0.0, 0.0, 0.0, 0.0, 0.0, 0.0
0, 0.0, 0.0, 0.0, 0.0, 0.0, 0.0, 0.0
0, 0.0, 0.0, 0.0, 0.0, 0.0, 0.0, 0.0
0, 0.0, 0.0, 0.0, 0.0, 0.0, 0.0, 0.0
0, 0.0, 0.0, 0.0, 0.0, 0.0, 0.0, 0.0
0, 0.0, 0.0, 0.0, 0.0, 0.0, 0.0, 0.0
0, 0.0, 0.0, 0.0, 0.0, 0.0, 0.0, 0.0
0, 0.0, 0.0, 0.0, 0.0, 0.0, 0.0, 0.0
0, 0.0, 0.0, 0.0, 0.0, 0.0, 0.0, 0.0
0, 0.0, 0.0, 0.0, 0.0, 0.0, 0.0, 0.0
0, 0.0, 0.0, 0.0, 0.0, 0.0, 0.0, 0.0
0, 0.0, 0.0, 0.0, 0.0, 0.0, 0.0, 0.0
0, 0.0, 0.0, 0.0, 0.0, 0.0, 0.0, 0.0
0, 0.0, 0.0, 0.0, 0.0, 0.0, 0.0, 0.0
0, 0.0, 0.0, 0.0, 0.0, 0.0, 0.0, 0.0
0, 0.0, 0.0, 0.0, 0.0, 0.0, 0.0, 0.0
0, 0.0, 0.0, 0.0, 0.0, 0.0, 0.0, 0.0
0, 0.0, 0.0, 0.0, 0.0, 0.0, 0.0, 0.0
0, 0.0, 0.0, 0.0, 0.0, 0.0, 0.0, 0.0
0, 0.0, 0.0, 0.0, 0.0, 0.0, 0.0, 0.0
0, 0.0, 0.0, 0.0, 0.0, 0.0, 0.0, 0.0
0, 0.0, 0.0, 0.0, 0.0, 0.0, 0.0, 0.0
0, 0.0, 0.0, 0.0, 0.0, 0.0, 0.0, 0.0
0, 0.0, 0.0, 0.0, 0.0, 0.0, 0.0, 0.0
0, 0.0, 0.0, 0.0, 0.0, 0.0, 0.0, 0.0
0, 0.0, 0.0, 0.0, 0.0, 0.0, 0.0, 0.0
0, 0.0, 0.0, 0.0, 0.0, 0.0, 0.0, 0.0
0, 0.0, 0.0, 0.0, 0.0, 0.0, 0.0, 0.0
0, 0.0, 0.0, 0.0, 0.0, 0.0, 0.0, 0.0
0, 0.0, 0.0, 0.0, 0.0, 0.0, 0.0, 0.0
0, 0.0, 0.0, 0.0, 0.0, 0.0, 0.0, 0.0
0, 0.0, 0.0, 0.0, 0.0, 0.0, 0.0, 0.0
0, 0.0, 0.0, 0.0, 0.0, 0.0, 0.0, 0.0
0, 0.0, 0.0, 0.0, 0.0, 0.0, 0.0, 0.0
0, 0.0, 0.0, 0.0, 0.0, 0.0, 0.0, 0.0
0, 0.0, 0.0, 0.0, 0.0, 0.0, 0.0, 0.0
0, 0.0, 0.0, 0.0, 0.0, 0.0, 0.0, 0.0
0, 0.0, 0.0, 0.0, 0.0, 0.0, 0.0, 0.0
0, 0.0, 0.0, 0.0, 0.0, 0.0, 0.0, 0.0
0, 0.0, 0.0, 0.0, 0.0, 0.0, 0.0, 0.0
0, 0.0, 0.0, 0.0, 0.0, 0.0, 0.0, 0.0
0, 0.0, 0.0, 0.0, 0.0, 0.0, 0.0, 0.0
0, 0.0, 0.0, 0.0, 0.0, 0.0, 0.0, 0.0
0, 0.0, 0.0, 0.0, 0.0, 0.0, 0.0, 0.0
0, 0.0, 0.0, 0.0, 0.0, 0.0, 0.0, 0.0
0, 0.0, 0.0, 0.0, 0.0, 0.0, 0.0, 0.0
0, 0.0, 0.0, 0.0, 0.0, 0.0, 0.0, 0.0
0, 0.0, 0.0, 0.0, 0.0, 0.0, 0.0, 0.0
0, 0.0, 0.0, 0.0, 0.0, 0.0, 0.0, 0.0
0, 0.0, 0.0, 0.0, 0.0, 0.0, 0.0, 0.0
0, 0.0, 0.0, 0.0, 0.0, 0.0, 0.0, 0.0
0, 0.0, 0.0, 0.0, 0.0, 0.0, 0.0, 0.0
0, 0.0, 0.0, 0.0, 0.0, 0.0, 0.0, 0.0
0, 0.0, 0.0, 0.0, 0.0, 0.0, 0.0, 0.0
0, 0.0, 0.0, 0.0, 0.0, 0.0, 0.0, 0.0
0, 0.0, 0.0, 0.0, 0.0, 0.0, 0.0, 0.0
0, 0.0, 0.0, 0.0, 0.0, 0.0, 0.0, 0.0
0, 0.0, 0.0, 0.0, 0.0, 0.0, 0.0, 0.0
0, 0.0, 0.0, 0.0, 0.0, 0.0, 0.0, 0.0
0, 0.0, 0.0, 0.0, 0.0, 0.0, 0.0, 0.0
0, 0.0, 0.0, 0.0, 0.0, 0.0, 0.0, 0.0
0, 0.0, 0.0, 0.0, 0.0, 0.0, 0.0, 0.0
0, 0.0, 0.0, 0.0, 0.0, 0.0, 0.0, 0.0
0, 0.0, 0.0, 0.0, 0.0, 0.0, 0.0, 0.0
0, 0.0, 0.0, 0.0, 0.0, 0.0, 0.0, 0.0
0, 0.0, 0.0, 0.0, 0.0, 0.0, 0.0, 0.0
0, 0.0, 0.0, 0.0, 0.0, 0.0, 0.0, 0.0
0, 0.0, 0.0, 0.0, 0.0, 0.0, 0.0, 0.0
0, 0.0, 0.0, 0.0, 0.0, 0.0, 0.0, 0.0
0, 0.0, 0.0, 0.0, 0.0, 0.0, 0.0, 0.0
0, 0.0, 0.0, 0.0, 0.0, 0.0, 0.0, 0.0
0, 0.0, 0.0, 0.0, 0.0, 0.0, 0.0, 0.0
0, 0.0, 0.0, 0.0, 0.0, 0.0, 0.0, 0.0
0, 0.0, 0.0, 0.0, 0.0, 0.0, 0.0, 0.0
0, 0.0, 0.0, 0.0, 0.0, 0.0, 0.0, 0.0
0, 0.0, 0.0, 0.0, 0.0, 0.0, 0.0, 0.0
0, 0.0, 0.0, 0.0, 0.0, 0.0, 0.0, 0.0
0, 0.0, 0.0, 0.0, 0.0, 0.0, 0.0, 0.0
0, 0.0, 0.0, 0.0, 0.0, 0.0, 0.0, 0.0
0, 0.0, 0.0, 0.0, 0.0, 0.0, 0.0, 0.0
0, 0.0, 0.0, 0.0, 0.0, 0.0, 0.0, 0.0
0, 0.0, 0.0, 0.0, 0.0, 0.0, 0.0, 0.0
0, 0.0, 0.0, 0.0, 0.0, 0.0, 0.0, 0.0
0, 0.0, 0.0, 0.0, 0.0, 0.0, 0.0, 0.0
0, 0.0, 0.0, 0.0, 0.0, 0.0, 0.0, 0.0
0, 0.0, 0.0, 0.0, 0.0, 0.0, 0.0, 0.0
0, 0.0, 0.0, 0.0, 0.0, 0.0, 0.0, 0.0
0, 0.0, 0.0, 0.0, 0.0, 0.0, 0.0, 0.0
0, 0.0, 0.0, 0.0, 0.0, 0.0, 0.0, 0.0
0, 0.0, 0.0, 0.0, 0.0, 0.0, 0.0, 0.0
0, 0.0, 0.0, 0.0, 0.0, 0.0, 0.0, 0.0
0, 0.0, 0.0, 0.0, 0.0, 0.0, 0.0, 0.0
0, 0.0, 0.0, 0.0, 0.0, 0.0, 0.0, 0.0
0, 0.0, 0.0, 0.0, 0.0, 0.0, 0.0, 0.0
0, 0.0, 0.0, 0.0, 0.0, 0.0, 0.0, 0.0
0, 0.0, 0.0, 0.0, 0.0, 0.0, 0.0, 0.0
0, 0.0, 0.0, 0.0, 0.0, 0.0, 0.0, 0.0
0, 0.0, 0.0, 0.0, 0.0, 0.0, 0.0, 0.0
0, 0.0, 0.0, 0.0, 0.0, 0.0, 0.0, 0.0
0, 0.0, 0.0, 0.0, 0.0, 0.0, 0.0, 0.0
0, 0.0, 0.0, 0.0, 0.0, 0.0, 0.0, 0.0
0, 0.0, 0.0, 0.0, 0.0, 0.0, 0.0, 0.0
0, 0.0, 0.0, 0.0, 0.0, 0.0, 0.0, 0.0
0, 0.0, 0.0, 0.0, 0.0, 0.0, 0.0, 0.0
0, 0.0, 0.0, 0.0, 0.0, 0.0, 0.0, 0.0
0, 0.0, 0.0, 0.0, 0.0, 0.0, 0.0, 0.0
0, 0.0, 0.0, 0.0, 0.0, 0.0, 0.0, 0.0
0, 0.0, 0.0, 0.0, 0.0, 0.0, 0.0, 0.0
0, 0.0, 0.0, 0.0, 0.0, 0.0, 0.0, 0.0
0, 0.0, 0.0, 0.0, 0.0, 0.0, 0.0, 0.0
0, 0.0, 0.0, 0.0, 0.0, 0.0, 0.0, 0.0
0, 0.0, 0.0, 0.0, 0.0, 0.0, 0.0, 0.0
0, 0.0, 0.0, 0.0, 0.0, 0.0, 0.0, 0.0
