1, 626.0, 0.25, 0.15, 0.2, 0.0, 0.025, 0.025
1001, 626.0, 0.256, 0.15, 0.20600000000000002, 0.001, 0.025, 0.027000000000000003
2001, 626.0, 0.248, 0.144, 0.199, 0.001, 0.023, 0.029000000000000005
3001, 626.0, 0.257, 0.143, 0.20400000000000001, 0.016000000000000007, 0.022, 0.030000000000000006
4001, 626.0, 0.254, 0.147, 0.20900000000000002, 0.001, 0.030000000000000006, 0.028000000000000004
5001, 626.0, 0.249, 0.148, 0.183, 0.012000000000000004, 0.026000000000000002, 0.026000000000000002
6001, 626.0, 0.254, 0.11799999999999997, 0.2, 0.0, 0.020999999999999998, 0.029000000000000005
7001, 626.0, 0.26, 0.142, 0.203, 0.011000000000000003, 0.026000000000000002, 0.025
8001, 626.0, 0.266, 0.141, 0.20500000000000002, 0.012000000000000004, 0.025, 0.022
9001, 626.0, 0.267, 0.144, 0.20500000000000002, 0.014000000000000005, 0.022, 0.014999999999999993
10001, 627.0, 0.264, 0.13699999999999998, 0.22200000000000003, 0.005, 0.01299999999999999, 0.031000000000000007
11001, 627.0, 0.265, 0.13599999999999998, 0.22200000000000003, 0.003, 0.010999999999999989, 0.03800000000000001
12001, 628.0, 0.261, 0.144, 0.21200000000000002, 0.008, 0.028000000000000004, 0.028000000000000004
13001, 629.0, 0.264, 0.171, 0.21800000000000003, 0.007, 0.023, 0.018999999999999996
14001, 629.0, 0.254, 0.13799999999999998, 0.21900000000000003, 0.036000000000000025, 0.003999999999999986, 0.025
15001, 629.0, 0.264, 0.13899999999999998, 0.21400000000000002, 0.03300000000000002, 0.001999999999999986, 0.024
16001, 629.0, 0.256, 0.141, 0.21800000000000003, 0.03300000000000002, 0.001999999999999986, 0.024
17001, 629.0, 0.256, 0.13499999999999998, 0.22100000000000003, 0.03000000000000002, 0.003999999999999986, 0.028000000000000004
18001, 630.0, 0.249, 0.143, 0.189, 0.007, 0.025, 0.027000000000000003
19001, 630.0, 0.278, 0.149, 0.20800000000000002, 0.011000000000000003, 0.003999999999999986, 0.03200000000000001
20001, 630.0, 0.262, 0.13999999999999999, 0.23300000000000004, 0.04200000000000003, 0.004999999999999986, 0.03700000000000001
21001, 630.0, 0.257, 0.144, 0.23400000000000004, 0.04000000000000003, 0.001999999999999986, 0.03600000000000001
22001, 630.0, 0.254, 0.141, 0.23100000000000004, 0.04900000000000004, 0.006999999999999986, 0.03400000000000001
23001, 630.0, 0.259, 0.142, 0.22600000000000003, 0.04200000000000003, 0.004999999999999986, 0.03200000000000001
24001, 630.0, 0.253, 0.144, 0.21600000000000003, 0.036000000000000025, 0.003999999999999986, 0.03400000000000001
25001, 630.0, 0.254, 0.153, 0.22000000000000003, 0.03900000000000003, 0.005999999999999986, 0.03300000000000001
26001, 630.0, 0.252, 0.153, 0.21000000000000002, 0.04900000000000004, 0.004999999999999986, 0.03800000000000001
27001, 630.0, 0.258, 0.153, 0.21100000000000002, 0.05000000000000004, 0.001999999999999986, 0.03800000000000001
28001, 631.0, 0.251, 0.18800000000000003, 0.24600000000000005, 0.011000000000000003, 0.010999999999999989, 0.01299999999999999
29001, 631.0, 0.255, 0.18800000000000003, 0.24700000000000005, 0.012000000000000004, 0.009999999999999988, 0.003999999999999986
30001, 631.0, 0.257, 0.18300000000000002, 0.24500000000000005, 0.008, 0.01199999999999999, 0.003999999999999986
31001, 631.0, 0.262, 0.17900000000000002, 0.24600000000000005, 0.007, 0.01299999999999999, 0.014999999999999993
32001, 631.0, 0.265, 0.17600000000000002, 0.24400000000000005, 0.006, 0.003999999999999986, 0.018999999999999996
33001, 631.0, 0.265, 0.171, 0.23900000000000005, 0.002, 0.001999999999999986, 0.023
34001, 631.0, 0.251, 0.11899999999999997, 0.203, 0.006, 0.029000000000000005, 0.040000000000000015
35001, 631.0, 0.247, 0.142, 0.14599999999999996, 0.009000000000000001, 0.006999999999999986, 0.03300000000000001
36001, 631.0, 0.271, 0.11199999999999996, 0.189, 0.010000000000000002, 0.047000000000000014, 0.025
37001, 631.0, 0.271, 0.11499999999999996, 0.192, 0.014000000000000005, 0.05200000000000002, 0.028000000000000004
38001, 631.0, 0.267, 0.11599999999999996, 0.188, 0.012000000000000004, 0.05200000000000002, 0.03200000000000001
39001, 631.0, 0.263, 0.11999999999999997, 0.183, 0.012000000000000004, 0.05700000000000002, 0.03300000000000001
40001, 631.0, 0.257, 0.11799999999999997, 0.181, 0.015000000000000006, 0.05000000000000002, 0.03500000000000001
41001, 631.0, 0.254, 0.11799999999999997, 0.179, 0.016000000000000007, 0.047000000000000014, 0.03600000000000001
42001, 631.0, 0.258, 0.11399999999999996, 0.179, 0.016000000000000007, 0.047000000000000014, 0.039000000000000014
43001, 631.0, 0.257, 0.10899999999999996, 0.16899999999999998, 0.015000000000000006, 0.04400000000000001, 0.03800000000000001
44001, 631.0, 0.256, 0.10999999999999996, 0.16599999999999998, 0.02000000000000001, 0.048000000000000015, 0.042000000000000016
45001, 631.0, 0.259, 0.10699999999999996, 0.16499999999999998, 0.025000000000000015, 0.048000000000000015, 0.03400000000000001
46001, 631.0, 0.255, 0.10299999999999995, 0.16599999999999998, 0.03100000000000002, 0.05300000000000002, 0.03300000000000001
47001, 631.0, 0.18799999999999994, 0.154, 0.23800000000000004, 0.06300000000000004, 0.03800000000000001, 0.019999999999999997
48001, 631.0, 0.248, 0.12999999999999998, 0.21200000000000002, 0.008, 0.03800000000000001, 0.04900000000000002
49001, 631.0, 0.257, 0.156, 0.19, 0.03000000000000002, 0.07900000000000004, 0.028000000000000004
50001, 631.0, 0.252, 0.162, 0.201, 0.026000000000000016, 0.07800000000000004, 0.027000000000000003
51001, 631.0, 0.254, 0.11199999999999996, 0.26100000000000007, 0.02100000000000001, 0.026000000000000002, 0.010999999999999989
52001, 631.0, 0.259, 0.11499999999999996, 0.26100000000000007, 0.027000000000000017, 0.017999999999999995, 0.003999999999999986
53001, 631.0, 0.257, 0.11799999999999997, 0.26700000000000007, 0.026000000000000016, 0.022, 0.003999999999999986
54001, 631.0, 0.257, 0.12199999999999997, 0.26300000000000007, 0.022000000000000013, 0.017999999999999995, 0.005999999999999986
55001, 631.0, 0.269, 0.10899999999999996, 0.22800000000000004, 0.014000000000000005, 0.020999999999999998, 0.04600000000000001
56001, 632.0, 0.244, 0.08299999999999993, 0.22600000000000003, 0.023000000000000013, 0.001999999999999986, 0.05400000000000003
57001, 632.0, 0.18399999999999994, 0.141, 0.23800000000000004, 0.03400000000000002, 0.07000000000000003, 0.020999999999999998
58001, 632.0, 0.246, 0.163, 0.25600000000000006, 0.022000000000000013, 0.050000000000000024, 0.017999999999999995
59001, 632.0, 0.29300000000000004, 0.152, 0.185, 0.006, 0.025, 0.017999999999999995
60001, 633.0, 0.269, 0.13999999999999999, 0.176, 0.022000000000000013, 0.025, 0.004999999999999986
61001, 633.0, 0.261, 0.12899999999999998, 0.2690000000000001, 0.003, 0.015999999999999993, 0.002999999999999986
62001, 633.0, 0.253, 0.166, 0.174, 0.05700000000000004, 0.06600000000000003, 0.014999999999999993
63001, 633.0, 0.251, 0.164, 0.172, 0.04800000000000003, 0.06600000000000003, 0.017999999999999995
64001, 634.0, 0.269, 0.11499999999999996, 0.20700000000000002, 0.010000000000000002, 0.05300000000000002, 0.01199999999999999
65001, 634.0, 0.22499999999999998, 0.144, 0.185, 0.03200000000000002, 0.008999999999999987, 0.003999999999999986
66001, 634.0, 0.253, 0.08099999999999993, 0.185, 0.03700000000000002, 0.002999999999999986, 0.020999999999999998
67001, 634.0, 0.253, 0.08399999999999994, 0.187, 0.030000000000000013, 0.005999999999999986, 0.029000000000000005
68001, 634.0, 0.30000000000000004, 0.19400000000000003, 0.15599999999999997, 0.024000000000000014, 0.04300000000000001, 0.04500000000000002
69001, 635.0, 0.257, 0.16, 0.201, 0.026000000000000016, 0.06800000000000003, 0.013999999999999992
70001, 635.0, 0.25, 0.163, 0.199, 0.026000000000000016, 0.06300000000000003, 0.010999999999999989
71001, 635.0, 0.247, 0.163, 0.201, 0.03100000000000002, 0.058000000000000024, 0.01299999999999999
72001, 635.0, 0.26, 0.18000000000000002, 0.23700000000000004, 0.025000000000000015, 0.052000000000000025, 0.020999999999999998
73001, 635.0, 0.18999999999999995, 0.13899999999999998, 0.15899999999999997, 0.012000000000000004, 0.060000000000000026, 0.08500000000000005
74001, 635.0, 0.19499999999999995, 0.13899999999999998, 0.15499999999999997, 0.02100000000000001, 0.058000000000000024, 0.08500000000000005
75001, 635.0, 0.273, 0.166, 0.187, 0.046000000000000034, 0.004999999999999986, 0.07700000000000004
76001, 635.0, 0.278, 0.162, 0.193, 0.048000000000000036, 0.002999999999999986, 0.07900000000000004
77001, 635.0, 0.28, 0.16, 0.194, 0.05000000000000004, 0.004999999999999986, 0.08200000000000005
78001, 635.0, 0.28200000000000003, 0.168, 0.198, 0.04500000000000003, 0.006999999999999986, 0.07900000000000004
79001, 635.0, 0.28300000000000003, 0.168, 0.194, 0.048000000000000036, 0.009999999999999988, 0.07900000000000004
80001, 635.0, 0.28300000000000003, 0.162, 0.202, 0.04500000000000003, 0.006999999999999986, 0.07600000000000004
81001, 635.0, 0.278, 0.161, 0.197, 0.037000000000000026, 0.001999999999999986, 0.07700000000000004
82001, 635.0, 0.28, 0.156, 0.195, 0.037000000000000026, 0.003999999999999986, 0.07400000000000004
83001, 635.0, 0.279, 0.155, 0.191, 0.03300000000000002, 0.006999999999999986, 0.07800000000000004
84001, 635.0, 0.281, 0.152, 0.199, 0.02900000000000002, 0.004999999999999986, 0.08400000000000005
85001, 635.0, 0.28700000000000003, 0.149, 0.193, 0.03200000000000002, 0.006999999999999986, 0.08400000000000005
86001, 635.0, 0.28700000000000003, 0.148, 0.197, 0.025000000000000015, 0.001999999999999986, 0.08200000000000005
87001, 636.0, 0.276, 0.13399999999999998, 0.21900000000000003, 0.028000000000000018, 0.04300000000000002, 0.019999999999999997
88001, 636.0, 0.274, 0.12899999999999998, 0.21700000000000003, 0.03800000000000003, 0.04400000000000002, 0.019999999999999997
89001, 636.0, 0.268, 0.12899999999999998, 0.21700000000000003, 0.028000000000000018, 0.04300000000000002, 0.025
90001, 636.0, 0.271, 0.12899999999999998, 0.21300000000000002, 0.024000000000000014, 0.04400000000000002, 0.03500000000000001
91001, 636.0, 0.258, 0.12099999999999997, 0.173, 0.03200000000000002, 0.013999999999999992, 0.01199999999999999
92001, 636.0, 0.243, 0.09299999999999994, 0.17099999999999999, 0.05100000000000004, 0.05100000000000002, 0.04400000000000001
93001, 636.0, 0.267, 0.15, 0.10899999999999993, 0.046000000000000034, 0.03300000000000001, 0.038000000000000006
94001, 636.0, 0.267, 0.143, 0.10499999999999993, 0.05200000000000004, 0.029000000000000005, 0.048000000000000015
95001, 636.0, 0.241, 0.18500000000000003, 0.15599999999999997, 0.03500000000000002, 0.04500000000000002, 0.027000000000000003
96001, 636.0, 0.246, 0.19200000000000003, 0.15499999999999997, 0.03500000000000002, 0.04700000000000002, 0.03500000000000001
97001, 636.0, 0.245, 0.16, 0.201, 0.04200000000000002, 0.04900000000000002, 0.01199999999999999
98001, 636.0, 0.26, 0.148, 0.20400000000000001, 0.008, 0.026000000000000002, 0.031000000000000007
99001, 636.0, 0.245, 0.161, 0.24300000000000005, 0.10400000000000008, 0.041000000000000016, 0.060000000000000026
100001, 636.0, 0.241, 0.166, 0.24200000000000005, 0.10800000000000008, 0.041000000000000016, 0.05500000000000002
101001, 636.0, 0.275, 0.13299999999999998, 0.18, 0.08100000000000006, 0.030000000000000006, 0.05000000000000002
102001, 636.0, 0.277, 0.13699999999999998, 0.177, 0.07300000000000005, 0.03400000000000001, 0.048000000000000015
103001, 636.0, 0.241, 0.06399999999999992, 0.22100000000000003, 0.06400000000000004, 0.05500000000000003, 0.017999999999999995
104001, 636.0, 0.21299999999999997, 0.11999999999999997, 0.21200000000000002, 0.06200000000000004, 0.025, 0.028000000000000004
105001, 636.0, 0.21599999999999997, 0.11899999999999997, 0.20800000000000002, 0.06500000000000004, 0.024, 0.030000000000000006
106001, 636.0, 0.21599999999999997, 0.12499999999999997, 0.20600000000000002, 0.06300000000000004, 0.018999999999999996, 0.027000000000000003
107001, 636.0, 0.21499999999999997, 0.12099999999999997, 0.21200000000000002, 0.06500000000000004, 0.019999999999999997, 0.029000000000000005
108001, 637.0, 0.239, 0.16, 0.2740000000000001, 0.02100000000000001, 0.033, 0.07200000000000004
109001, 637.0, 0.263, 0.16, 0.2850000000000001, 0.03400000000000002, 0.034, 0.08800000000000005
110001, 637.0, 0.264, 0.164, 0.2890000000000001, 0.03100000000000002, 0.038000000000000006, 0.08700000000000005
111001, 637.0, 0.271, 0.162, 0.2880000000000001, 0.037000000000000026, 0.027999999999999997, 0.09100000000000005
112001, 637.0, 0.268, 0.165, 0.2850000000000001, 0.035000000000000024, 0.024999999999999994, 0.09100000000000005
113001, 637.0, 0.267, 0.167, 0.2900000000000001, 0.04100000000000003, 0.024999999999999994, 0.08800000000000005
114001, 637.0, 0.261, 0.163, 0.2890000000000001, 0.04500000000000003, 0.021999999999999992, 0.08400000000000005
115001, 637.0, 0.259, 0.168, 0.2890000000000001, 0.04900000000000004, 0.022999999999999993, 0.08400000000000005
116001, 637.0, 0.265, 0.17, 0.2920000000000001, 0.05100000000000004, 0.022999999999999993, 0.08600000000000005
117001, 637.0, 0.27, 0.17500000000000002, 0.2920000000000001, 0.05600000000000004, 0.028999999999999998, 0.08600000000000005
118001, 637.0, 0.268, 0.18500000000000003, 0.2870000000000001, 0.057000000000000044, 0.025999999999999995, 0.08700000000000005
119001, 637.0, 0.22599999999999998, 0.10399999999999995, 0.24700000000000005, 0.024000000000000014, 0.10400000000000006, 0.033
120001, 637.0, 0.23299999999999998, 0.08399999999999994, 0.16999999999999998, 0.027000000000000017, 0.028000000000000004, 0.03800000000000001
121001, 637.0, 0.22699999999999998, 0.08999999999999994, 0.16899999999999998, 0.027000000000000017, 0.029000000000000005, 0.04600000000000002
122001, 637.0, 0.22599999999999998, 0.09299999999999994, 0.174, 0.02900000000000002, 0.03300000000000001, 0.042000000000000016
123001, 637.0, 0.263, 0.10899999999999996, 0.16199999999999998, 0.03200000000000002, 0.030000000000000006, 0.023
124001, 637.0, 0.18899999999999995, 0.163, 0.25900000000000006, 0.013000000000000005, 0.06600000000000003, 0.010999999999999989
125001, 637.0, 0.18699999999999994, 0.164, 0.25600000000000006, 0.013000000000000005, 0.06300000000000003, 0.008999999999999987
126001, 637.0, 0.19099999999999995, 0.162, 0.25500000000000006, 0.02000000000000001, 0.06700000000000003, 0.007999999999999986
127001, 637.0, 0.18199999999999994, 0.164, 0.25500000000000006, 0.015000000000000006, 0.06800000000000003, 0.003999999999999986
128001, 637.0, 0.18499999999999994, 0.17300000000000001, 0.25600000000000006, 0.01800000000000001, 0.06200000000000003, 0.006999999999999986
129001, 637.0, 0.271, 0.169, 0.21400000000000002, 0.002, 0.08500000000000005, 0.006999999999999986
130001, 637.0, 0.268, 0.17, 0.22300000000000003, 0.002, 0.08800000000000005, 0.005999999999999986
131001, 637.0, 0.268, 0.169, 0.22700000000000004, 0.003, 0.08800000000000005, 0.006999999999999986
132001, 637.0, 0.271, 0.17300000000000001, 0.22600000000000003, 0.001, 0.08700000000000005, 0.001999999999999986
133001, 637.0, 0.274, 0.17400000000000002, 0.23300000000000004, 0.003, 0.08600000000000005, 0.005999999999999986
134001, 637.0, 0.269, 0.17500000000000002, 0.23800000000000004, 0.004, 0.07800000000000004, 0.001999999999999986
135001, 637.0, 0.266, 0.17200000000000001, 0.24600000000000005, 0.006, 0.07700000000000004, 0.003999999999999986
136001, 637.0, 0.261, 0.17300000000000001, 0.24100000000000005, 0.009000000000000001, 0.07900000000000004, 0.002999999999999986
137001, 637.0, 0.262, 0.17300000000000001, 0.24500000000000005, 0.006, 0.08100000000000004, 0.001999999999999986
138001, 637.0, 0.253, 0.169, 0.24600000000000005, 0.0, 0.08000000000000004, 0.003999999999999986
139001, 637.0, 0.255, 0.169, 0.24900000000000005, 0.0, 0.07700000000000004, 0.005999999999999986
140001, 637.0, 0.256, 0.162, 0.24700000000000005, 0.005, 0.07600000000000004, 0.009999999999999988
141001, 637.0, 0.255, 0.159, 0.24100000000000005, 0.006, 0.07900000000000004, 0.013999999999999992
142001, 637.0, 0.254, 0.163, 0.24300000000000005, 0.007, 0.08300000000000005, 0.016999999999999994
143001, 637.0, 0.25, 0.161, 0.24900000000000005, 0.011000000000000003, 0.08500000000000005, 0.015999999999999993
144001, 637.0, 0.3400000000000001, 0.13999999999999999, 0.192, 0.034000000000000016, 0.05200000000000002, 0.03800000000000001
145001, 637.0, 0.254, 0.168, 0.24200000000000005, 0.08100000000000006, 0.07700000000000004, 0.020999999999999998
146001, 637.0, 0.19299999999999995, 0.151, 0.25500000000000006, 0.03100000000000002, 0.060000000000000026, 0.08900000000000005
147001, 637.0, 0.19199999999999995, 0.148, 0.25300000000000006, 0.03200000000000002, 0.060000000000000026, 0.08100000000000004
148001, 637.0, 0.18099999999999994, 0.12399999999999997, 0.13799999999999996, 0.01900000000000001, 0.05700000000000002, 0.08800000000000005
149001, 637.0, 0.18099999999999994, 0.12499999999999997, 0.13899999999999996, 0.022000000000000013, 0.05400000000000002, 0.08500000000000005
150001, 637.0, 0.18599999999999994, 0.12399999999999997, 0.13699999999999996, 0.022000000000000013, 0.05400000000000002, 0.09600000000000006
151001, 637.0, 0.242, 0.12999999999999998, 0.17099999999999999, 0.09000000000000007, 0.04600000000000001, 0.058000000000000024
152001, 637.0, 0.269, 0.05399999999999991, 0.2990000000000001, 0.037000000000000026, 0.07800000000000004, 0.06200000000000003
153001, 637.0, 0.1269999999999999, 0.13299999999999998, 0.173, 0.04300000000000003, 0.052000000000000025, 0.035
154001, 637.0, 0.265, 0.12799999999999997, 0.12899999999999995, 0.10100000000000008, 0.042000000000000016, 0.08000000000000004
155001, 637.0, 0.263, 0.149, 0.21700000000000003, 0.007, 0.10900000000000007, 0.059000000000000025
156001, 637.0, 0.274, 0.149, 0.21800000000000003, 0.010000000000000002, 0.11200000000000007, 0.06800000000000003
157001, 637.0, 0.274, 0.161, 0.22600000000000003, 0.009000000000000001, 0.11800000000000008, 0.06400000000000003
158001, 637.0, 0.272, 0.163, 0.22600000000000003, 0.010000000000000002, 0.11600000000000008, 0.060000000000000026
159001, 637.0, 0.279, 0.166, 0.22400000000000003, 0.013000000000000005, 0.11400000000000007, 0.060000000000000026
160001, 637.0, 0.279, 0.17200000000000001, 0.22200000000000003, 0.01800000000000001, 0.11100000000000007, 0.06400000000000003
161001, 637.0, 0.28, 0.167, 0.22700000000000004, 0.02100000000000001, 0.11500000000000007, 0.06500000000000003
162001, 637.0, 0.281, 0.171, 0.22400000000000003, 0.026000000000000016, 0.11800000000000008, 0.06800000000000003
163001, 637.0, 0.28200000000000003, 0.17300000000000001, 0.23000000000000004, 0.02100000000000001, 0.12200000000000008, 0.06400000000000003
164001, 637.0, 0.28, 0.17400000000000002, 0.22800000000000004, 0.024000000000000014, 0.12100000000000008, 0.06600000000000003
165001, 637.0, 0.278, 0.17800000000000002, 0.22600000000000003, 0.023000000000000013, 0.12300000000000008, 0.06700000000000003
166001, 637.0, 0.278, 0.18400000000000002, 0.22600000000000003, 0.01800000000000001, 0.11600000000000008, 0.07100000000000004
167001, 637.0, 0.268, 0.154, 0.2950000000000001, 0.10900000000000008, 0.03800000000000001, 0.048000000000000015
168001, 637.0, 0.261, 0.152, 0.3010000000000001, 0.10700000000000008, 0.042000000000000016, 0.04400000000000001
169001, 637.0, 0.262, 0.152, 0.2960000000000001, 0.09900000000000007, 0.04300000000000002, 0.048000000000000015
170001, 637.0, 0.259, 0.15, 0.3010000000000001, 0.09900000000000007, 0.04500000000000002, 0.04300000000000001
171001, 637.0, 0.258, 0.145, 0.2970000000000001, 0.10200000000000008, 0.05500000000000003, 0.04600000000000001
172001, 637.0, 0.255, 0.144, 0.2960000000000001, 0.10000000000000007, 0.052000000000000025, 0.03900000000000001
173001, 637.0, 0.255, 0.142, 0.2950000000000001, 0.10100000000000008, 0.051000000000000024, 0.037000000000000005
174001, 637.0, 0.265, 0.13199999999999998, 0.2900000000000001, 0.10500000000000008, 0.04500000000000002, 0.035
175001, 637.0, 0.263, 0.13199999999999998, 0.2910000000000001, 0.10700000000000008, 0.039000000000000014, 0.037000000000000005
176001, 637.0, 0.264, 0.13899999999999998, 0.2940000000000001, 0.10300000000000008, 0.03300000000000001, 0.033
177001, 637.0, 0.262, 0.142, 0.2980000000000001, 0.10400000000000008, 0.031000000000000007, 0.031
178001, 637.0, 0.261, 0.144, 0.2930000000000001, 0.10000000000000007, 0.030000000000000006, 0.033
179001, 637.0, 0.258, 0.148, 0.2970000000000001, 0.09600000000000007, 0.031000000000000007, 0.033
180001, 637.0, 0.262, 0.145, 0.2930000000000001, 0.09400000000000007, 0.03500000000000001, 0.032
181001, 637.0, 0.26, 0.142, 0.2920000000000001, 0.09000000000000007, 0.03500000000000001, 0.035
182001, 637.0, 0.261, 0.149, 0.2900000000000001, 0.09300000000000007, 0.030000000000000006, 0.032
183001, 637.0, 0.26, 0.151, 0.2920000000000001, 0.08900000000000007, 0.026000000000000002, 0.033
184001, 637.0, 0.257, 0.156, 0.2930000000000001, 0.09700000000000007, 0.029000000000000005, 0.032
185001, 637.0, 0.26, 0.157, 0.2960000000000001, 0.09900000000000007, 0.03200000000000001, 0.033
186001, 637.0, 0.255, 0.159, 0.2910000000000001, 0.09400000000000007, 0.03300000000000001, 0.034
187001, 637.0, 0.262, 0.155, 0.2910000000000001, 0.09500000000000007, 0.03400000000000001, 0.036000000000000004
188001, 637.0, 0.268, 0.15, 0.2920000000000001, 0.10400000000000008, 0.030000000000000006, 0.037000000000000005
189001, 637.0, 0.268, 0.152, 0.2910000000000001, 0.11100000000000008, 0.028000000000000004, 0.03900000000000001
190001, 637.0, 0.263, 0.148, 0.2900000000000001, 0.10800000000000008, 0.031000000000000007, 0.04100000000000001
191001, 637.0, 0.26, 0.155, 0.2910000000000001, 0.10800000000000008, 0.03400000000000001, 0.04500000000000001
192001, 637.0, 0.261, 0.158, 0.2890000000000001, 0.11300000000000009, 0.026000000000000002, 0.05100000000000002
193001, 637.0, 0.258, 0.16, 0.2890000000000001, 0.11100000000000008, 0.019999999999999997, 0.049000000000000016
194001, 637.0, 0.261, 0.164, 0.2860000000000001, 0.10600000000000008, 0.026000000000000002, 0.04400000000000001
195001, 637.0, 0.265, 0.163, 0.2840000000000001, 0.10700000000000008, 0.027000000000000003, 0.037000000000000005
196001, 637.0, 0.262, 0.161, 0.2820000000000001, 0.11000000000000008, 0.031000000000000007, 0.033
197001, 637.0, 0.259, 0.165, 0.2840000000000001, 0.10600000000000008, 0.027000000000000003, 0.036000000000000004
198001, 637.0, 0.263, 0.164, 0.2810000000000001, 0.11100000000000008, 0.022, 0.037000000000000005
199001, 637.0, 0.264, 0.162, 0.2750000000000001, 0.11200000000000009, 0.022, 0.04200000000000001
200001, 637.0, 0.262, 0.157, 0.2690000000000001, 0.11300000000000009, 0.027000000000000003, 0.04300000000000001
201001, 637.0, 0.263, 0.161, 0.26600000000000007, 0.11600000000000009, 0.027000000000000003, 0.04600000000000001
202001, 637.0, 0.263, 0.166, 0.25800000000000006, 0.11300000000000009, 0.028000000000000004, 0.05300000000000002
203001, 637.0, 0.262, 0.167, 0.26300000000000007, 0.11400000000000009, 0.03200000000000001, 0.05600000000000002
204001, 637.0, 0.265, 0.171, 0.26200000000000007, 0.11800000000000009, 0.03200000000000001, 0.05400000000000002
205001, 637.0, 0.272, 0.17300000000000001, 0.26100000000000007, 0.11600000000000009, 0.03600000000000001, 0.049000000000000016
206001, 637.0, 0.269, 0.17500000000000002, 0.26300000000000007, 0.11100000000000008, 0.030000000000000006, 0.04600000000000001
207001, 637.0, 0.272, 0.17500000000000002, 0.25600000000000006, 0.11600000000000009, 0.031000000000000007, 0.04600000000000001
208001, 637.0, 0.274, 0.17400000000000002, 0.25700000000000006, 0.12500000000000008, 0.03400000000000001, 0.04200000000000001
209001, 637.0, 0.281, 0.17500000000000002, 0.25500000000000006, 0.12400000000000008, 0.03300000000000001, 0.04200000000000001
210001, 637.0, 0.28600000000000003, 0.17500000000000002, 0.24900000000000005, 0.12200000000000008, 0.03400000000000001, 0.03900000000000001
211001, 637.0, 0.28200000000000003, 0.17600000000000002, 0.25000000000000006, 0.12100000000000008, 0.039000000000000014, 0.03900000000000001
212001, 637.0, 0.28900000000000003, 0.17400000000000002, 0.24800000000000005, 0.11800000000000008, 0.04400000000000002, 0.037000000000000005
213001, 637.0, 0.28500000000000003, 0.171, 0.24700000000000005, 0.11900000000000008, 0.04600000000000002, 0.04100000000000001
214001, 637.0, 0.29100000000000004, 0.17300000000000001, 0.25000000000000006, 0.11500000000000007, 0.04500000000000002, 0.033
215001, 637.0, 0.238, 0.08999999999999994, 0.24600000000000005, 0.04200000000000003, 0.06500000000000003, 0.1400000000000001
216001, 637.0, 0.16799999999999993, 0.167, 0.15799999999999997, 0.04700000000000003, 0.06800000000000003, 0.08600000000000005
217001, 637.0, 0.255, 0.12599999999999997, 0.16699999999999998, 0.1340000000000001, 0.026999999999999996, 0.040000000000000015
218001, 637.0, 0.30600000000000005, 0.11999999999999997, 0.19, 0.10000000000000007, 0.049000000000000016, 0.028000000000000004
219001, 637.0, 0.31000000000000005, 0.11999999999999997, 0.19, 0.10700000000000008, 0.04400000000000001, 0.016999999999999994
220001, 637.0, 0.30000000000000004, 0.12199999999999997, 0.192, 0.10700000000000008, 0.04500000000000001, 0.016999999999999994
221001, 637.0, 0.30600000000000005, 0.12099999999999997, 0.197, 0.10300000000000008, 0.04400000000000001, 0.015999999999999993
222001, 637.0, 0.29900000000000004, 0.11899999999999997, 0.198, 0.10800000000000008, 0.04400000000000001, 0.013999999999999992
223001, 637.0, 0.22099999999999997, 0.142, 0.16999999999999998, 0.03800000000000003, 0.06700000000000003, 0.06200000000000003
224001, 637.0, 0.21999999999999997, 0.13699999999999998, 0.16999999999999998, 0.046000000000000034, 0.06800000000000003, 0.05700000000000002
225001, 637.0, 0.21999999999999997, 0.13499999999999998, 0.16899999999999998, 0.048000000000000036, 0.07100000000000004, 0.060000000000000026
226001, 637.0, 0.21299999999999997, 0.12699999999999997, 0.16899999999999998, 0.05200000000000004, 0.06200000000000003, 0.058000000000000024
227001, 637.0, 0.22099999999999997, 0.12799999999999997, 0.16299999999999998, 0.05500000000000004, 0.06200000000000003, 0.059000000000000025
228001, 637.0, 0.22499999999999998, 0.13499999999999998, 0.16299999999999998, 0.05400000000000004, 0.06500000000000003, 0.058000000000000024
229001, 637.0, 0.22399999999999998, 0.13699999999999998, 0.16299999999999998, 0.04900000000000004, 0.06600000000000003, 0.05700000000000002
230001, 637.0, 0.22999999999999998, 0.12799999999999997, 0.16299999999999998, 0.05000000000000004, 0.07100000000000004, 0.06400000000000003
231001, 637.0, 0.22999999999999998, 0.11899999999999997, 0.15999999999999998, 0.05200000000000004, 0.07900000000000004, 0.058000000000000024
232001, 637.0, 0.22899999999999998, 0.11799999999999997, 0.15699999999999997, 0.05300000000000004, 0.08300000000000005, 0.060000000000000026
233001, 637.0, 0.23199999999999998, 0.11899999999999997, 0.15699999999999997, 0.059000000000000045, 0.08000000000000004, 0.059000000000000025
234001, 637.0, 0.23299999999999998, 0.11899999999999997, 0.15699999999999997, 0.06100000000000004, 0.08200000000000005, 0.060000000000000026
235001, 637.0, 0.22799999999999998, 0.12099999999999997, 0.15799999999999997, 0.06200000000000004, 0.08000000000000004, 0.05500000000000002
236001, 637.0, 0.22599999999999998, 0.11099999999999996, 0.15699999999999997, 0.06200000000000004, 0.07900000000000004, 0.049000000000000016
237001, 637.0, 0.21899999999999997, 0.10599999999999996, 0.15599999999999997, 0.06300000000000004, 0.07100000000000004, 0.047000000000000014
238001, 637.0, 0.21299999999999997, 0.10899999999999996, 0.15799999999999997, 0.06100000000000004, 0.07300000000000004, 0.05000000000000002
239001, 637.0, 0.20899999999999996, 0.10799999999999996, 0.15099999999999997, 0.06300000000000004, 0.07200000000000004, 0.049000000000000016
240001, 637.0, 0.20699999999999996, 0.10799999999999996, 0.14699999999999996, 0.06200000000000004, 0.07200000000000004, 0.04500000000000001
241001, 637.0, 0.20899999999999996, 0.10599999999999996, 0.14599999999999996, 0.06200000000000004, 0.06200000000000003, 0.04600000000000001
242001, 637.0, 0.20999999999999996, 0.10499999999999995, 0.14699999999999996, 0.06000000000000004, 0.059000000000000025, 0.04600000000000001
243001, 637.0, 0.20699999999999996, 0.10699999999999996, 0.14499999999999996, 0.054000000000000034, 0.06400000000000003, 0.04400000000000001
244001, 637.0, 0.20999999999999996, 0.10499999999999995, 0.14099999999999996, 0.05300000000000003, 0.059000000000000025, 0.05500000000000002
245001, 637.0, 0.20899999999999996, 0.09699999999999995, 0.14299999999999996, 0.05300000000000003, 0.06800000000000003, 0.05500000000000002
246001, 637.0, 0.20899999999999996, 0.10699999999999996, 0.14599999999999996, 0.05200000000000003, 0.07100000000000004, 0.060000000000000026
247001, 637.0, 0.20599999999999996, 0.11299999999999996, 0.14699999999999996, 0.05300000000000003, 0.07300000000000004, 0.06800000000000003
248001, 637.0, 0.20499999999999996, 0.10899999999999996, 0.14299999999999996, 0.055000000000000035, 0.06200000000000003, 0.06700000000000003
249001, 637.0, 0.20299999999999996, 0.10899999999999996, 0.14299999999999996, 0.055000000000000035, 0.05300000000000002, 0.06400000000000003
250001, 637.0, 0.20499999999999996, 0.10699999999999996, 0.14799999999999996, 0.05200000000000003, 0.05400000000000002, 0.06300000000000003
251001, 637.0, 0.20299999999999996, 0.11099999999999996, 0.14399999999999996, 0.05000000000000003, 0.05200000000000002, 0.061000000000000026
252001, 637.0, 0.20399999999999996, 0.11299999999999996, 0.14799999999999996, 0.05100000000000003, 0.05100000000000002, 0.059000000000000025
253001, 637.0, 0.21199999999999997, 0.11799999999999997, 0.14899999999999997, 0.04000000000000002, 0.04600000000000001, 0.059000000000000025
254001, 637.0, 0.20699999999999996, 0.12599999999999997, 0.15499999999999997, 0.03900000000000002, 0.047000000000000014, 0.059000000000000025
255001, 637.0, 0.20299999999999996, 0.12199999999999997, 0.15799999999999997, 0.03900000000000002, 0.047000000000000014, 0.060000000000000026
256001, 637.0, 0.20099999999999996, 0.11799999999999997, 0.16199999999999998, 0.03800000000000002, 0.047000000000000014, 0.05600000000000002
257001, 637.0, 0.16799999999999993, 0.11599999999999996, 0.20400000000000001, 0.03500000000000002, 0.11400000000000007, 0.07300000000000004
258001, 637.0, 0.17299999999999993, 0.11399999999999996, 0.20600000000000002, 0.032000000000000015, 0.11800000000000008, 0.06800000000000003
259001, 637.0, 0.17099999999999993, 0.11499999999999996, 0.21100000000000002, 0.030000000000000013, 0.11500000000000007, 0.07900000000000004
260001, 637.0, 0.17299999999999993, 0.11799999999999997, 0.20900000000000002, 0.02700000000000001, 0.11500000000000007, 0.07700000000000004
261001, 637.0, 0.16999999999999993, 0.11199999999999996, 0.21000000000000002, 0.02700000000000001, 0.11100000000000007, 0.07900000000000004
262001, 637.0, 0.16299999999999992, 0.11299999999999996, 0.20800000000000002, 0.02800000000000001, 0.11100000000000007, 0.07600000000000004
263001, 637.0, 0.16299999999999992, 0.10999999999999996, 0.20400000000000001, 0.02500000000000001, 0.11500000000000007, 0.07300000000000004
264001, 637.0, 0.16299999999999992, 0.10699999999999996, 0.20500000000000002, 0.02700000000000001, 0.10800000000000007, 0.07300000000000004
265001, 637.0, 0.16499999999999992, 0.10699999999999996, 0.20400000000000001, 0.030000000000000013, 0.10900000000000007, 0.07200000000000004
266001, 637.0, 0.16399999999999992, 0.10699999999999996, 0.2, 0.032000000000000015, 0.11100000000000007, 0.07000000000000003
267001, 637.0, 0.16299999999999992, 0.11099999999999996, 0.194, 0.034000000000000016, 0.11200000000000007, 0.07000000000000003
268001, 637.0, 0.16499999999999992, 0.11099999999999996, 0.197, 0.03600000000000002, 0.10300000000000006, 0.06800000000000003
269001, 637.0, 0.16999999999999993, 0.11099999999999996, 0.191, 0.034000000000000016, 0.09800000000000006, 0.06800000000000003
270001, 637.0, 0.17699999999999994, 0.10899999999999996, 0.192, 0.029000000000000012, 0.09700000000000006, 0.07100000000000004
271001, 637.0, 0.17699999999999994, 0.11099999999999996, 0.201, 0.034000000000000016, 0.09800000000000006, 0.07500000000000004
272001, 637.0, 0.17599999999999993, 0.09999999999999995, 0.20500000000000002, 0.02800000000000001, 0.10300000000000006, 0.07100000000000004
273001, 637.0, 0.17899999999999994, 0.09999999999999995, 0.20700000000000002, 0.029000000000000012, 0.09600000000000006, 0.06300000000000003
274001, 637.0, 0.17999999999999994, 0.10299999999999995, 0.20800000000000002, 0.029000000000000012, 0.09900000000000006, 0.06800000000000003
275001, 637.0, 0.18699999999999994, 0.09599999999999995, 0.21000000000000002, 0.029000000000000012, 0.09600000000000006, 0.061000000000000026
276001, 637.0, 0.18499999999999994, 0.09699999999999995, 0.21400000000000002, 0.02700000000000001, 0.09200000000000005, 0.05500000000000002
277001, 637.0, 0.18099999999999994, 0.09199999999999994, 0.21900000000000003, 0.02500000000000001, 0.09500000000000006, 0.05100000000000002
278001, 637.0, 0.17899999999999994, 0.09499999999999995, 0.21700000000000003, 0.031000000000000014, 0.09300000000000005, 0.060000000000000026
279001, 637.0, 0.17799999999999994, 0.09499999999999995, 0.21900000000000003, 0.022000000000000006, 0.08900000000000005, 0.06500000000000003
280001, 637.0, 0.17899999999999994, 0.08899999999999994, 0.22500000000000003, 0.022000000000000006, 0.09100000000000005, 0.061000000000000026
281001, 637.0, 0.18399999999999994, 0.08999999999999994, 0.22600000000000003, 0.021000000000000005, 0.09600000000000006, 0.06600000000000003
282001, 637.0, 0.18699999999999994, 0.08999999999999994, 0.22300000000000003, 0.02700000000000001, 0.09700000000000006, 0.06300000000000003
283001, 637.0, 0.18799999999999994, 0.08599999999999994, 0.22600000000000003, 0.024000000000000007, 0.10400000000000006, 0.06700000000000003
284001, 637.0, 0.19699999999999995, 0.08599999999999994, 0.22600000000000003, 0.019000000000000003, 0.10500000000000007, 0.06700000000000003
285001, 637.0, 0.19499999999999995, 0.08999999999999994, 0.22700000000000004, 0.018000000000000002, 0.10900000000000007, 0.06400000000000003
286001, 637.0, 0.19499999999999995, 0.08999999999999994, 0.22700000000000004, 0.02600000000000001, 0.10900000000000007, 0.06400000000000003
287001, 637.0, 0.19899999999999995, 0.08699999999999994, 0.23100000000000004, 0.02600000000000001, 0.10800000000000007, 0.06400000000000003
288001, 637.0, 0.20499999999999996, 0.07899999999999993, 0.22800000000000004, 0.02700000000000001, 0.10300000000000006, 0.06300000000000003
289001, 637.0, 0.251, 0.20300000000000004, 0.21000000000000002, 0.06600000000000004, 0.11700000000000008, 0.06900000000000003
290001, 637.0, 0.257, 0.19200000000000003, 0.24400000000000005, 0.07700000000000004, 0.026000000000000002, 0.11100000000000007
291001, 637.0, 0.253, 0.19100000000000003, 0.24900000000000005, 0.07600000000000004, 0.028000000000000004, 0.10300000000000006
292001, 637.0, 0.255, 0.18500000000000003, 0.24800000000000005, 0.07400000000000004, 0.030000000000000006, 0.10200000000000006
293001, 637.0, 0.256, 0.18500000000000003, 0.25100000000000006, 0.06900000000000003, 0.03600000000000001, 0.09700000000000006
294001, 637.0, 0.258, 0.18600000000000003, 0.25600000000000006, 0.06700000000000003, 0.030000000000000006, 0.09500000000000006
295001, 637.0, 0.258, 0.18500000000000003, 0.25600000000000006, 0.06500000000000003, 0.029000000000000005, 0.08400000000000005
296001, 637.0, 0.258, 0.17900000000000002, 0.25200000000000006, 0.06400000000000003, 0.03400000000000001, 0.08100000000000004
297001, 637.0, 0.25, 0.17700000000000002, 0.24900000000000005, 0.06300000000000003, 0.03600000000000001, 0.07800000000000004
298001, 637.0, 0.258, 0.17700000000000002, 0.25300000000000006, 0.06400000000000003, 0.03700000000000001, 0.08400000000000005
299001, 637.0, 0.261, 0.17200000000000001, 0.25200000000000006, 0.06400000000000003, 0.03600000000000001, 0.08100000000000004
300001, 637.0, 0.259, 0.169, 0.25600000000000006, 0.06500000000000003, 0.042000000000000016, 0.08300000000000005
301001, 637.0, 0.28500000000000003, 0.09899999999999995, 0.21400000000000002, 0.04200000000000002, 0.07100000000000004, 0.1330000000000001
302001, 637.0, 0.28, 0.09699999999999995, 0.21500000000000002, 0.045000000000000026, 0.07600000000000004, 0.1330000000000001
303001, 637.0, 0.278, 0.09899999999999995, 0.21300000000000002, 0.054000000000000034, 0.07500000000000004, 0.1320000000000001
304001, 637.0, 0.277, 0.09799999999999995, 0.20500000000000002, 0.045000000000000026, 0.08200000000000005, 0.1380000000000001
305001, 637.0, 0.276, 0.10099999999999995, 0.20500000000000002, 0.04200000000000002, 0.08600000000000005, 0.1310000000000001
306001, 637.0, 0.277, 0.09799999999999995, 0.197, 0.05100000000000003, 0.08700000000000005, 0.1330000000000001
307001, 637.0, 0.28400000000000003, 0.09699999999999995, 0.198, 0.04800000000000003, 0.08100000000000004, 0.1310000000000001
308001, 637.0, 0.28200000000000003, 0.09999999999999995, 0.196, 0.054000000000000034, 0.08500000000000005, 0.1300000000000001
309001, 637.0, 0.275, 0.09899999999999995, 0.201, 0.05700000000000004, 0.07400000000000004, 0.12800000000000009
310001, 637.0, 0.274, 0.09699999999999995, 0.20400000000000001, 0.055000000000000035, 0.07700000000000004, 0.1330000000000001
311001, 637.0, 0.28, 0.09299999999999994, 0.203, 0.054000000000000034, 0.07300000000000004, 0.1300000000000001
312001, 637.0, 0.278, 0.09299999999999994, 0.20500000000000002, 0.055000000000000035, 0.07000000000000003, 0.1310000000000001
313001, 637.0, 0.28200000000000003, 0.08799999999999994, 0.20800000000000002, 0.06200000000000004, 0.06900000000000003, 0.1340000000000001
314001, 637.0, 0.28400000000000003, 0.08499999999999994, 0.21100000000000002, 0.06100000000000004, 0.060000000000000026, 0.1370000000000001
315001, 637.0, 0.278, 0.08499999999999994, 0.21000000000000002, 0.056000000000000036, 0.05700000000000002, 0.1380000000000001
316001, 637.0, 0.276, 0.08299999999999993, 0.21100000000000002, 0.04700000000000003, 0.06200000000000003, 0.1400000000000001
317001, 637.0, 0.275, 0.08099999999999993, 0.20900000000000002, 0.045000000000000026, 0.06400000000000003, 0.1430000000000001
318001, 637.0, 0.275, 0.08599999999999994, 0.20800000000000002, 0.04800000000000003, 0.06900000000000003, 0.1400000000000001
319001, 637.0, 0.273, 0.08799999999999994, 0.20500000000000002, 0.045000000000000026, 0.07100000000000004, 0.1430000000000001
320001, 637.0, 0.274, 0.08599999999999994, 0.201, 0.04700000000000003, 0.07100000000000004, 0.1480000000000001
321001, 637.0, 0.1449999999999999, 0.060999999999999915, 0.12999999999999995, 0.04500000000000003, 0.09000000000000005, 0.09400000000000006
322001, 637.0, 0.1489999999999999, 0.05499999999999991, 0.12399999999999994, 0.04300000000000003, 0.08300000000000005, 0.09800000000000006
323001, 637.0, 0.1469999999999999, 0.048999999999999905, 0.13099999999999995, 0.04200000000000003, 0.08400000000000005, 0.09300000000000005
324001, 637.0, 0.1399999999999999, 0.0449999999999999, 0.12999999999999995, 0.035000000000000024, 0.08500000000000005, 0.09400000000000006
325001, 637.0, 0.1479999999999999, 0.0459999999999999, 0.12799999999999995, 0.025000000000000015, 0.08700000000000005, 0.10100000000000006
326001, 637.0, 0.1449999999999999, 0.0439999999999999, 0.12499999999999994, 0.025000000000000015, 0.09300000000000005, 0.09800000000000006
327001, 637.0, 0.1429999999999999, 0.0429999999999999, 0.12099999999999994, 0.022000000000000013, 0.08800000000000005, 0.09800000000000006
328001, 637.0, 0.1369999999999999, 0.038999999999999896, 0.12299999999999994, 0.024000000000000014, 0.09000000000000005, 0.09600000000000006
329001, 637.0, 0.1369999999999999, 0.0399999999999999, 0.11999999999999994, 0.01900000000000001, 0.09200000000000005, 0.09300000000000005
330001, 637.0, 0.1439999999999999, 0.0409999999999999, 0.12199999999999994, 0.016000000000000007, 0.09000000000000005, 0.08900000000000005
331001, 637.0, 0.1439999999999999, 0.03399999999999989, 0.11699999999999994, 0.015000000000000006, 0.09300000000000005, 0.09000000000000005
332001, 637.0, 0.1399999999999999, 0.03499999999999989, 0.11699999999999994, 0.016000000000000007, 0.09100000000000005, 0.09000000000000005
333001, 637.0, 0.1429999999999999, 0.03099999999999989, 0.11899999999999994, 0.013000000000000005, 0.09400000000000006, 0.09300000000000005
334001, 637.0, 0.1449999999999999, 0.03099999999999989, 0.11899999999999994, 0.011000000000000003, 0.09000000000000005, 0.10000000000000006
335001, 637.0, 0.1409999999999999, 0.03199999999999989, 0.11199999999999993, 0.011000000000000003, 0.08400000000000005, 0.10000000000000006
336001, 637.0, 0.1509999999999999, 0.03599999999999989, 0.11299999999999993, 0.009000000000000001, 0.10100000000000006, 0.10400000000000006
337001, 637.0, 0.1509999999999999, 0.03299999999999989, 0.10599999999999993, 0.008, 0.10200000000000006, 0.10500000000000007
338001, 637.0, 0.1499999999999999, 0.03399999999999989, 0.10299999999999992, 0.006, 0.10800000000000007, 0.10400000000000006
339001, 637.0, 0.1469999999999999, 0.03099999999999989, 0.09999999999999992, 0.008, 0.10300000000000006, 0.10800000000000007
340001, 637.0, 0.1439999999999999, 0.025999999999999884, 0.10099999999999992, 0.011000000000000003, 0.09900000000000006, 0.11300000000000007
341001, 637.0, 0.1389999999999999, 0.027999999999999886, 0.09999999999999992, 0.016000000000000007, 0.10400000000000006, 0.11200000000000007
342001, 637.0, 0.1359999999999999, 0.026999999999999885, 0.09099999999999991, 0.013000000000000005, 0.10200000000000006, 0.10800000000000007
343001, 637.0, 0.1329999999999999, 0.025999999999999884, 0.09399999999999992, 0.016000000000000007, 0.11000000000000007, 0.11200000000000007
344001, 637.0, 0.1329999999999999, 0.025999999999999884, 0.09199999999999992, 0.015000000000000006, 0.11300000000000007, 0.10600000000000007
345001, 637.0, 0.1359999999999999, 0.01999999999999988, 0.09099999999999991, 0.017000000000000008, 0.11800000000000008, 0.11000000000000007
346001, 637.0, 0.1339999999999999, 0.02099999999999988, 0.08299999999999991, 0.012000000000000004, 0.11200000000000007, 0.11200000000000007
347001, 637.0, 0.1289999999999999, 0.02299999999999988, 0.0769999999999999, 0.011000000000000003, 0.11000000000000007, 0.10700000000000007
348001, 637.0, 0.1319999999999999, 0.024999999999999883, 0.0699999999999999, 0.012000000000000004, 0.10700000000000007, 0.10500000000000007
349001, 637.0, 0.1319999999999999, 0.023999999999999883, 0.0709999999999999, 0.010000000000000002, 0.10800000000000007, 0.10200000000000006
350001, 637.0, 0.1339999999999999, 0.02299999999999988, 0.0719999999999999, 0.014000000000000005, 0.10700000000000007, 0.11000000000000007
351001, 637.0, 0.1329999999999999, 0.02199999999999988, 0.0729999999999999, 0.011000000000000003, 0.10100000000000006, 0.11000000000000007
352001, 637.0, 0.1289999999999999, 0.02299999999999988, 0.0809999999999999, 0.010000000000000002, 0.09700000000000006, 0.11100000000000007
353001, 637.0, 0.12499999999999989, 0.02299999999999988, 0.0779999999999999, 0.008, 0.10200000000000006, 0.11800000000000008
354001, 637.0, 0.1289999999999999, 0.03399999999999989, 0.0789999999999999, 0.008, 0.10300000000000006, 0.12100000000000008
355001, 637.0, 0.1319999999999999, 0.0409999999999999, 0.0779999999999999, 0.002, 0.10200000000000006, 0.12400000000000008
356001, 637.0, 0.1309999999999999, 0.0419999999999999, 0.0739999999999999, 0.006, 0.10600000000000007, 0.12700000000000009
357001, 637.0, 0.1319999999999999, 0.0449999999999999, 0.08299999999999991, 0.005, 0.10000000000000006, 0.12800000000000009
358001, 637.0, 0.1329999999999999, 0.0429999999999999, 0.0789999999999999, 0.006, 0.10200000000000006, 0.12400000000000008
359001, 637.0, 0.1349999999999999, 0.0419999999999999, 0.0819999999999999, 0.008, 0.09700000000000006, 0.12300000000000008
360001, 637.0, 0.1379999999999999, 0.038999999999999896, 0.0759999999999999, 0.006, 0.09800000000000006, 0.12200000000000008
361001, 637.0, 0.1339999999999999, 0.036999999999999894, 0.0809999999999999, 0.008, 0.09400000000000006, 0.11500000000000007
362001, 637.0, 0.1299999999999999, 0.0399999999999999, 0.0749999999999999, 0.012000000000000004, 0.09400000000000006, 0.11200000000000007
363001, 637.0, 0.1379999999999999, 0.0399999999999999, 0.0719999999999999, 0.010000000000000002, 0.09700000000000006, 0.11800000000000008
364001, 637.0, 0.1389999999999999, 0.037999999999999895, 0.0759999999999999, 0.013000000000000005, 0.09900000000000006, 0.11100000000000007
365001, 637.0, 0.1369999999999999, 0.037999999999999895, 0.0749999999999999, 0.017000000000000008, 0.09400000000000006, 0.11100000000000007
366001, 637.0, 0.1359999999999999, 0.0399999999999999, 0.0719999999999999, 0.017000000000000008, 0.09200000000000005, 0.11100000000000007
367001, 637.0, 0.1369999999999999, 0.049999999999999906, 0.0749999999999999, 0.017000000000000008, 0.08700000000000005, 0.11300000000000007
368001, 637.0, 0.1359999999999999, 0.05299999999999991, 0.0809999999999999, 0.025000000000000015, 0.08100000000000004, 0.11100000000000007
369001, 637.0, 0.18599999999999994, 0.156, 0.2800000000000001, 0.05700000000000004, 0.05500000000000002, 0.1390000000000001
370001, 637.0, 0.10499999999999987, 0.07299999999999993, 0.21700000000000003, 0.10700000000000007, 0.04600000000000001, 0.1310000000000001
371001, 637.0, 0.21999999999999997, 0.17500000000000002, 0.16799999999999998, 0.20100000000000015, 0.05700000000000002, 0.1560000000000001
372001, 637.0, 0.32800000000000007, 0.164, 0.25600000000000006, 0.012999999999999998, 0.03600000000000001, 0.11300000000000007
373001, 637.0, 0.251, 0.166, 0.23400000000000004, 0.02700000000000001, 0.07200000000000004, 0.016999999999999987
374001, 637.0, 0.09399999999999986, 0.048999999999999905, 0.13199999999999995, 0.18700000000000014, 0.049000000000000016, 0.06700000000000003
375001, 637.0, 0.26, 0.11199999999999996, 0.20400000000000001, 0.03900000000000002, 0.009999999999999988, 0.1510000000000001
376001, 637.0, 0.261, 0.11699999999999997, 0.20600000000000002, 0.04700000000000003, 0.007999999999999986, 0.1580000000000001
377001, 637.0, 0.26, 0.11199999999999996, 0.21100000000000002, 0.04600000000000003, 0.007999999999999986, 0.1570000000000001
378001, 637.0, 0.29400000000000004, 0.163, 0.3190000000000001, 0.04400000000000003, 0.06200000000000003, 0.1290000000000001
379001, 637.0, 0.29100000000000004, 0.16, 0.3210000000000001, 0.046000000000000034, 0.06200000000000003, 0.12700000000000009
380001, 637.0, 0.29200000000000004, 0.16, 0.3210000000000001, 0.047000000000000035, 0.06600000000000003, 0.12100000000000008
381001, 637.0, 0.29400000000000004, 0.161, 0.3280000000000001, 0.04100000000000003, 0.05600000000000002, 0.12000000000000008
382001, 637.0, 0.29600000000000004, 0.165, 0.3260000000000001, 0.04300000000000003, 0.05400000000000002, 0.11500000000000007
383001, 637.0, 0.29900000000000004, 0.162, 0.3290000000000001, 0.04300000000000003, 0.05600000000000002, 0.11100000000000007
384001, 637.0, 0.29600000000000004, 0.169, 0.3280000000000001, 0.04100000000000003, 0.061000000000000026, 0.11300000000000007
385001, 637.0, 0.30200000000000005, 0.013999999999999874, 0.34900000000000014, 0.07800000000000004, 0.12300000000000008, 0.06300000000000003
386001, 637.0, 0.30400000000000005, 0.011999999999999872, 0.35800000000000015, 0.07700000000000004, 0.11600000000000008, 0.060000000000000026
387001, 637.0, 0.30500000000000005, 0.012999999999999873, 0.35700000000000015, 0.07800000000000004, 0.12000000000000008, 0.06800000000000003
388001, 637.0, 0.30300000000000005, 0.011999999999999872, 0.36100000000000015, 0.07600000000000004, 0.11900000000000008, 0.06200000000000003
389001, 637.0, 0.29500000000000004, 0.09699999999999995, 0.16799999999999998, 0.07200000000000005, 0.09600000000000006, 0.04200000000000001
390001, 637.0, 0.30100000000000005, 0.09199999999999994, 0.16999999999999998, 0.08000000000000006, 0.09500000000000006, 0.04400000000000001
391001, 637.0, 0.31200000000000006, 0.09199999999999994, 0.174, 0.08000000000000006, 0.09300000000000005, 0.04300000000000001
392001, 637.0, 0.31000000000000005, 0.08299999999999993, 0.179, 0.08100000000000006, 0.08800000000000005, 0.04400000000000001
393001, 637.0, 0.30800000000000005, 0.07899999999999993, 0.176, 0.09000000000000007, 0.09700000000000006, 0.033
394001, 637.0, 0.269, 0.11799999999999997, 0.24400000000000005, 0.04200000000000002, 0.010999999999999982, 0.16400000000000012
395001, 637.0, 0.281, 0.12099999999999997, 0.24100000000000005, 0.04800000000000003, 0.00799999999999998, 0.17100000000000012
396001, 637.0, 0.274, 0.11899999999999997, 0.24700000000000005, 0.04600000000000003, 0.005999999999999979, 0.17000000000000012
397001, 637.0, 0.22099999999999997, 0.12999999999999998, 0.2720000000000001, 0.08700000000000006, 0.06700000000000003, 0.02099999999999999
398001, 637.0, 0.22199999999999998, 0.12699999999999997, 0.2710000000000001, 0.08800000000000006, 0.06600000000000003, 0.02099999999999999
399001, 637.0, 0.21899999999999997, 0.12199999999999997, 0.2730000000000001, 0.09200000000000007, 0.06500000000000003, 0.015999999999999986
400001, 637.0, 0.22099999999999997, 0.12299999999999997, 0.2730000000000001, 0.09300000000000007, 0.06900000000000003, 0.014999999999999986
401001, 637.0, 0.22899999999999998, 0.12799999999999997, 0.2730000000000001, 0.09100000000000007, 0.06400000000000003, 0.01999999999999999
402001, 637.0, 0.22999999999999998, 0.12199999999999997, 0.2750000000000001, 0.09900000000000007, 0.059000000000000025, 0.017999999999999988
403001, 637.0, 0.22699999999999998, 0.12199999999999997, 0.2720000000000001, 0.10100000000000008, 0.06800000000000003, 0.017999999999999988
404001, 637.0, 0.23199999999999998, 0.12599999999999997, 0.26800000000000007, 0.10000000000000007, 0.06900000000000003, 0.013999999999999985
405001, 637.0, 0.235, 0.11999999999999997, 0.26600000000000007, 0.10700000000000008, 0.07300000000000004, 0.00799999999999998
406001, 637.0, 0.235, 0.11999999999999997, 0.26700000000000007, 0.10500000000000008, 0.07300000000000004, 0.005999999999999979
407001, 637.0, 0.24, 0.11899999999999997, 0.26600000000000007, 0.11200000000000009, 0.07200000000000004, 0.00799999999999998
408001, 637.0, 0.238, 0.12499999999999997, 0.26600000000000007, 0.11300000000000009, 0.07200000000000004, 0.00899999999999998
409001, 637.0, 0.247, 0.12799999999999997, 0.2710000000000001, 0.11500000000000009, 0.07100000000000004, 0.00899999999999998
410001, 637.0, 0.253, 0.12999999999999998, 0.26700000000000007, 0.10900000000000008, 0.07500000000000004, 0.006999999999999979
411001, 637.0, 0.249, 0.11899999999999997, 0.2700000000000001, 0.10800000000000008, 0.07700000000000004, 0.006999999999999979
412001, 637.0, 0.252, 0.11799999999999997, 0.2700000000000001, 0.11000000000000008, 0.08000000000000004, 0.0029999999999999792
413001, 637.0, 0.252, 0.11999999999999997, 0.26200000000000007, 0.10600000000000008, 0.07800000000000004, 0.0019999999999999792
414001, 637.0, 0.249, 0.11999999999999997, 0.26300000000000007, 0.10900000000000008, 0.07700000000000004, 0.00899999999999998
415001, 637.0, 0.251, 0.11999999999999997, 0.26300000000000007, 0.11200000000000009, 0.08200000000000005, 0.011999999999999983
416001, 637.0, 0.247, 0.11399999999999996, 0.26400000000000007, 0.11800000000000009, 0.08100000000000004, 0.016999999999999987
417001, 637.0, 0.253, 0.11499999999999996, 0.26200000000000007, 0.11700000000000009, 0.08400000000000005, 0.023999999999999994
418001, 637.0, 0.251, 0.11399999999999996, 0.26700000000000007, 0.11200000000000009, 0.08400000000000005, 0.024999999999999994
419001, 637.0, 0.255, 0.12399999999999997, 0.12199999999999994, 0.1560000000000001, 0.11500000000000007, 0.025999999999999995
420001, 637.0, 0.3700000000000001, 0.036999999999999894, 0.178, 0.1510000000000001, 0.08100000000000004, 0.1290000000000001
421001, 637.0, 0.3730000000000001, 0.03099999999999989, 0.181, 0.1540000000000001, 0.08300000000000005, 0.1330000000000001
422001, 637.0, 0.3750000000000001, 0.023999999999999883, 0.179, 0.1490000000000001, 0.08600000000000005, 0.1320000000000001
423001, 637.0, 0.3740000000000001, 0.023999999999999883, 0.16899999999999998, 0.1470000000000001, 0.09000000000000005, 0.1290000000000001
424001, 637.0, 0.3690000000000001, 0.028999999999999887, 0.16299999999999998, 0.1520000000000001, 0.09600000000000006, 0.12800000000000009
425001, 637.0, 0.3710000000000001, 0.027999999999999886, 0.16899999999999998, 0.1520000000000001, 0.09000000000000005, 0.1350000000000001
426001, 637.0, 0.3670000000000001, 0.03099999999999989, 0.172, 0.1550000000000001, 0.08900000000000005, 0.1410000000000001
427001, 637.0, 0.3700000000000001, 0.028999999999999887, 0.16999999999999998, 0.1590000000000001, 0.08700000000000005, 0.1430000000000001
428001, 637.0, 0.3710000000000001, 0.03199999999999989, 0.16899999999999998, 0.1550000000000001, 0.08800000000000005, 0.1440000000000001
429001, 637.0, 0.3450000000000001, 0.047999999999999904, 0.21100000000000002, 0.07200000000000005, 0.005999999999999986, 0.10100000000000006
430001, 637.0, 0.3450000000000001, 0.0439999999999999, 0.20800000000000002, 0.07400000000000005, 0.002999999999999986, 0.10800000000000007
431001, 637.0, 0.3470000000000001, 0.0409999999999999, 0.20700000000000002, 0.07900000000000006, 0.005999999999999986, 0.11200000000000007
432001, 637.0, 0.3460000000000001, 0.0459999999999999, 0.203, 0.08400000000000006, 0.004999999999999986, 0.10800000000000007
433001, 637.0, 0.3510000000000001, 0.0459999999999999, 0.20600000000000002, 0.08100000000000006, 0.002999999999999986, 0.10700000000000007
434001, 637.0, 0.3470000000000001, 0.0459999999999999, 0.20500000000000002, 0.08300000000000006, 0.004999999999999986, 0.10800000000000007
435001, 637.0, 0.3420000000000001, 0.037999999999999895, 0.203, 0.08500000000000006, 0.008999999999999987, 0.10700000000000007
436001, 637.0, 0.3390000000000001, 0.037999999999999895, 0.195, 0.08500000000000006, 0.01199999999999999, 0.11000000000000007
437001, 637.0, 0.3370000000000001, 0.03399999999999989, 0.19, 0.08100000000000006, 0.01199999999999999, 0.11300000000000007
438001, 637.0, 0.3370000000000001, 0.02299999999999988, 0.187, 0.07900000000000006, 0.010999999999999989, 0.12200000000000008
439001, 637.0, 0.3370000000000001, 0.023999999999999883, 0.183, 0.07500000000000005, 0.008999999999999987, 0.11700000000000008
440001, 637.0, 0.3350000000000001, 0.029999999999999888, 0.177, 0.07900000000000006, 0.007999999999999986, 0.12200000000000008
441001, 637.0, 0.3360000000000001, 0.026999999999999885, 0.175, 0.08000000000000006, 0.014999999999999993, 0.11700000000000008
442001, 637.0, 0.3380000000000001, 0.027999999999999886, 0.16799999999999998, 0.07600000000000005, 0.01199999999999999, 0.12300000000000008
443001, 637.0, 0.3380000000000001, 0.024999999999999883, 0.16799999999999998, 0.08500000000000006, 0.010999999999999989, 0.12600000000000008
444001, 637.0, 0.3370000000000001, 0.024999999999999883, 0.16899999999999998, 0.08700000000000006, 0.014999999999999993, 0.12400000000000008
445001, 637.0, 0.3360000000000001, 0.018999999999999878, 0.174, 0.08700000000000006, 0.01199999999999999, 0.12700000000000009
446001, 637.0, 0.3380000000000001, 0.02099999999999988, 0.179, 0.09600000000000007, 0.009999999999999988, 0.12600000000000008
447001, 637.0, 0.3390000000000001, 0.017999999999999877, 0.178, 0.09800000000000007, 0.007999999999999986, 0.12700000000000009
448001, 637.0, 0.3360000000000001, 0.02199999999999988, 0.173, 0.09200000000000007, 0.003999999999999986, 0.12500000000000008
449001, 637.0, 0.3380000000000001, 0.018999999999999878, 0.174, 0.09500000000000007, 0.006999999999999986, 0.12600000000000008
450001, 637.0, 0.33000000000000007, 0.013999999999999874, 0.174, 0.09500000000000007, 0.015999999999999993, 0.1360000000000001
451001, 637.0, 0.33000000000000007, 0.015999999999999875, 0.16699999999999998, 0.09500000000000007, 0.020999999999999998, 0.1310000000000001
452001, 637.0, 0.3380000000000001, 0.02099999999999988, 0.16199999999999998, 0.09700000000000007, 0.026000000000000002, 0.1330000000000001
453001, 637.0, 0.3370000000000001, 0.014999999999999875, 0.16199999999999998, 0.09200000000000007, 0.028000000000000004, 0.1310000000000001
454001, 637.0, 0.3320000000000001, 0.015999999999999875, 0.15799999999999997, 0.09100000000000007, 0.026000000000000002, 0.1340000000000001
455001, 637.0, 0.3410000000000001, 0.013999999999999874, 0.15599999999999997, 0.08700000000000006, 0.023, 0.1360000000000001
456001, 637.0, 0.3390000000000001, 0.016999999999999876, 0.15299999999999997, 0.08600000000000006, 0.026000000000000002, 0.1350000000000001
457001, 637.0, 0.3380000000000001, 0.014999999999999875, 0.15299999999999997, 0.08400000000000006, 0.026000000000000002, 0.1350000000000001
458001, 637.0, 0.3390000000000001, 0.010999999999999871, 0.14999999999999997, 0.07300000000000005, 0.023, 0.1320000000000001
459001, 637.0, 0.3390000000000001, 0.00999999999999987, 0.15399999999999997, 0.07400000000000005, 0.020999999999999998, 0.1350000000000001
460001, 637.0, 0.3400000000000001, 0.005999999999999868, 0.15199999999999997, 0.06900000000000005, 0.026000000000000002, 0.1510000000000001
461001, 637.0, 0.3370000000000001, 9.999999999998682E-4, 0.15599999999999997, 0.06900000000000005, 0.026000000000000002, 0.1530000000000001
462001, 637.0, 0.3330000000000001, 0.005999999999999868, 0.15599999999999997, 0.06600000000000004, 0.024, 0.16300000000000012
463001, 637.0, 0.3340000000000001, 0.004999999999999868, 0.15599999999999997, 0.06700000000000005, 0.023, 0.1580000000000001
464001, 637.0, 0.3380000000000001, 0.0029999999999998682, 0.15099999999999997, 0.06700000000000005, 0.022, 0.16200000000000012
465001, 637.0, 0.3340000000000001, 0.0029999999999998682, 0.14699999999999996, 0.07000000000000005, 0.017999999999999995, 0.16200000000000012
466001, 637.0, 0.3350000000000001, 0.001999999999999868, 0.14499999999999996, 0.06700000000000005, 0.015999999999999993, 0.16000000000000011
467001, 637.0, 0.3340000000000001, 0.004999999999999868, 0.14199999999999996, 0.06600000000000004, 0.018999999999999996, 0.1590000000000001
468001, 637.0, 0.3370000000000001, 0.0029999999999998682, 0.13199999999999995, 0.06700000000000005, 0.017999999999999995, 0.1560000000000001
469001, 637.0, 0.3370000000000001, 0.00999999999999987, 0.13199999999999995, 0.05900000000000004, 0.015999999999999993, 0.16100000000000012
470001, 637.0, 0.3350000000000001, 0.00899999999999987, 0.12999999999999995, 0.05900000000000004, 0.020999999999999998, 0.16100000000000012
471001, 637.0, 0.3470000000000001, 0.012999999999999873, 0.12999999999999995, 0.06200000000000004, 0.018999999999999996, 0.1580000000000001
472001, 637.0, 0.3470000000000001, 0.015999999999999875, 0.13299999999999995, 0.05700000000000004, 0.019999999999999997, 0.16200000000000012
473001, 637.0, 0.3430000000000001, 0.013999999999999874, 0.13699999999999996, 0.06300000000000004, 0.016999999999999994, 0.1520000000000001
474001, 637.0, 0.3490000000000001, 0.011999999999999872, 0.13899999999999996, 0.06200000000000004, 0.015999999999999993, 0.1580000000000001
475001, 637.0, 0.3480000000000001, 0.012999999999999873, 0.13899999999999996, 0.05800000000000004, 0.015999999999999993, 0.16300000000000012
476001, 637.0, 0.3520000000000001, 0.012999999999999873, 0.13399999999999995, 0.054000000000000034, 0.015999999999999993, 0.16600000000000012
477001, 637.0, 0.3540000000000001, 0.00999999999999987, 0.13799999999999996, 0.05100000000000003, 0.014999999999999993, 0.16700000000000012
478001, 637.0, 0.3570000000000001, 0.014999999999999875, 0.13499999999999995, 0.054000000000000034, 0.010999999999999989, 0.16800000000000012
479001, 637.0, 0.3510000000000001, 0.013999999999999874, 0.13899999999999996, 0.05700000000000004, 0.01299999999999999, 0.16900000000000012
480001, 637.0, 0.3500000000000001, 0.00999999999999987, 0.14099999999999996, 0.06100000000000004, 0.009999999999999988, 0.16900000000000012
481001, 637.0, 0.3460000000000001, 0.015999999999999875, 0.14099999999999996, 0.06100000000000004, 0.002999999999999986, 0.17300000000000013
482001, 637.0, 0.3510000000000001, 0.017999999999999877, 0.14899999999999997, 0.06200000000000004, 0.006999999999999986, 0.17500000000000013
483001, 637.0, 0.3510000000000001, 0.01999999999999988, 0.14599999999999996, 0.05700000000000004, 0.006999999999999986, 0.17800000000000013
484001, 637.0, 0.3450000000000001, 0.018999999999999878, 0.14399999999999996, 0.05700000000000004, 0.002999999999999986, 0.18200000000000013
485001, 637.0, 0.1529999999999999, 0.154, 0.14099999999999996, 0.05800000000000004, 0.06800000000000003, 0.00899999999999998
486001, 637.0, 0.1499999999999999, 0.153, 0.13899999999999996, 0.06300000000000004, 0.07100000000000004, 0.013999999999999985
487001, 637.0, 0.1479999999999999, 0.153, 0.13199999999999995, 0.07000000000000005, 0.06600000000000003, 0.014999999999999986
488001, 637.0, 0.1509999999999999, 0.151, 0.12899999999999995, 0.06700000000000005, 0.06600000000000003, 0.013999999999999985
489001, 637.0, 0.1509999999999999, 0.15, 0.12199999999999994, 0.07100000000000005, 0.07000000000000003, 0.011999999999999983
490001, 637.0, 0.1489999999999999, 0.151, 0.12399999999999994, 0.06600000000000004, 0.06800000000000003, 0.004999999999999979
491001, 637.0, 0.1439999999999999, 0.147, 0.11499999999999994, 0.06300000000000004, 0.07400000000000004, 0.0019999999999999792
492001, 637.0, 0.1419999999999999, 0.13899999999999998, 0.11399999999999993, 0.06000000000000004, 0.07700000000000004, 0.0019999999999999792
493001, 637.0, 0.1399999999999999, 0.142, 0.11599999999999994, 0.05900000000000004, 0.07600000000000004, 0.0029999999999999792
494001, 637.0, 0.1389999999999999, 0.17600000000000002, 0.191, 0.12000000000000009, 0.09800000000000006, 0.18600000000000014
495001, 637.0, 0.1379999999999999, 0.17, 0.194, 0.12300000000000008, 0.09400000000000006, 0.18000000000000013
496001, 637.0, 0.1419999999999999, 0.17300000000000001, 0.191, 0.1300000000000001, 0.09600000000000006, 0.18000000000000013
497001, 637.0, 0.1469999999999999, 0.17500000000000002, 0.192, 0.1330000000000001, 0.09200000000000005, 0.18500000000000014
498001, 637.0, 0.1449999999999999, 0.167, 0.194, 0.1310000000000001, 0.08900000000000005, 0.18000000000000013
499001, 637.0, 0.1469999999999999, 0.161, 0.184, 0.1330000000000001, 0.08800000000000005, 0.17900000000000013
